carrier,lat,lon
Monoprix,48.849522,2.399345
Monoprix,43.553303,7.018594
Monoprix,50.35841,3.521791
Monoprix,48.846897,2.213776
Monoprix,43.288126,5.382842
Monoprix,43.301246,5.369896
Monoprix,43.673459,7.189871
Monoprix,48.857607,2.279642
Monoprix,48.827788,2.115329
Monoprix,43.54558,6.939984
Monoprix,48.837689,2.351537
Monoprix,43.721956,7.27567
Monoprix,48.8283381,2.344122
Monoprix,48.824231,2.274078
Monoprix,48.568128,7.758231
Monoprix,48.878122,2.295168
Monoprix,48.9103697,2.2906369
Monoprix,48.8437313,2.3057479
Monoprix,48.838681,2.360456
Monoprix,48.896638,2.237081
Monoprix,48.832483,2.315663
Monoprix,48.811813,2.510276
Monoprix,48.881252,2.238588
Monoprix,48.881938,2.27138
Monoprix,48.827194,2.277444
Monoprix,48.9103697,2.2906369
Monoprix,43.580574,7.120234
Monoprix,48.902893,2.268372
Monoprix,48.906734,2.244918
Monoprix,48.88607,2.383377
Monoprix,45.763342,4.836058
Monoprix,48.584035,7.746733
Monoprix,45.762126,4.856676
Monoprix,48.971225,2.258613
Monoprix,48.881969,2.315748
Monoprix,43.285056,5.375212
Monoprix,43.296059,5.37744
Monoprix,45.774887,4.80517
Monoprix,45.76984,4.88012
Monoprix,50.663896,3.10231
Monoprix,45.776168,4.830113
Monoprix,48.833227,2.364499
Monoprix,48.851035,2.342723
Monoprix,48.914364,2.274365
Monoprix,48.807559,2.236307
Monoprix,43.304356,5.367926
Monoprix,48.841399,2.287531
Monoprix,48.829334,2.3222775
Monoprix,48.821123,2.413798
Monoprix,48.914281,2.379927
Monoprix,43.719228,7.257252
Monoprix,48.82442,2.358881
Monoprix,43.702383,7.267004
Monoprix,48.893996,2.341873
Monoprix,43.183908,5.605747
Monoprix,48.905884,2.33133
Monoprix,50.63478,3.06645
Monoprix,48.907845,2.262123
Monoprix,48.848008,2.261861
Monoprix,48.923876,2.2531
Monoprix,48.868485,2.227521
Monoprix,45.749388,4.853906
Monoprix,48.846152,2.388346
Monoprix,48.809509,2.190163
Monoprix,48.8938669,2.3339073
Monoprix,45.715693,4.808895
Monoprix,48.853472,2.332656
Monoprix,51.032613,2.375885
Monoprix,48.868752,2.401644
Monoprix,48.8923047,2.2905715
Monoprix,48.873653,2.181289
Monoprix,48.836715,2.294758
Monoprix,48.779983,2.314214
Monoprix,48.874925,2.388659
Monoprix,48.793684,2.366223
Monoprix,48.99106,2.290317
Monoprix,48.866184,2.361511
Monoprix,48.848355,2.283546
Monoprix,48.829049,2.323674
Monoprix,48.991975,2.166817
Monoprix,43.700816,7.279273
Monoprix,48.834397,2.24318
Monoprix,48.894449,2.195697
Monoprix,48.9103697,2.2906369
Monoprix,48.840597,2.233429
Monoprix,48.865755,2.351981
Monoprix,48.8776452,2.3948407
Monoprix,48.8300022,2.3775302
Monoprix,48.848862,2.297547
Monoprix,48.8413754,2.3221834
Monoprix,48.8114,2.329087
Monoprix,48.856874,2.379611
Monoprix,48.903399,2.48002
La Poste,47.965398,-1.796306
La Poste,50.669293,1.834769
La Poste,43.8678305,5.14367416
La Poste,48.634099,7.449835
La Poste,43.350083,1.477303
La Poste,47.438374,-0.218397
La Poste,47.214799,-1.565329
La Poste,48.040575,3.057162
La Poste,43.979563,4.904828
La Poste,48.524595,2.680588
La Poste,43.2934,5.5665
La Poste,45.078767,5.769601
La Poste,43.354683,1.274741
La Poste,47.689604,-2.737574
La Poste,47.034928,-1.638881
La Poste,43.638094,1.443988
La Poste,48.723838,2.084253
La Poste,46.300017,5.738878
La Poste,43.018793,3.046597
La Poste,49.543655,5.78661
La Poste,48.622168,6.161603
La Poste,47.705203,1.507985
La Poste,49.444484,5.601556
La Poste,48.761284,5.592522
La Poste,49.330315,6.063464
La Poste,46.3143473,4.83631399
La Poste,48.975196,2.03241
La Poste,48.895398,2.072707
La Poste,43.181753,5.710143
La Poste,46.8712798,-1.0103821
La Poste,48.697706,2.524349
La Poste,48.892677,2.240216
La Poste,43.388397,4.803209
La Poste,47.276997,5.995878
La Poste,43.772259,1.293915
La Poste,47.841878,-1.68341
La Poste,46.745363,5.908167
La Poste,48.9543,2.416
La Poste,48.767392,2.416569
La Poste,49.0094,2.197637
La Poste,49.098578,2.515756
La Poste,48.999594,2.35899
La Poste,43.880832,4.850272
La Poste,43.352694,5.437669
La Poste,44.8304,-0.5733
La Poste,48.942493,4.38609
La Poste,49.100193,6.170567
La Poste,50.673997,3.185057
La Poste,42.710842,2.842987
La Poste,45.617687,6.769458
La Poste,48.49346,3.502828
La Poste,49.572677,0.468819
La Poste,48.738645,2.768432
La Poste,48.800895,2.032126
La Poste,43.394212,6.312942
La Poste,43.5327155,6.47158137
La Poste,45.512278,1.202565
La Poste,48.923943,2.470611
La Poste,47.388495,0.656744
La Poste,48.900399,2.476412
La Poste,48.796497,2.531939
La Poste,44.874996,4.879249
La Poste,44.739695,-0.682024
La Poste,50.660697,3.18455
La Poste,50.728392,3.137369
La Poste,50.4185,2.943806
La Poste,45.485733,6.530133
La Poste,49.490998,0.104032
La Poste,48.804194,2.173709
La Poste,43.137506,5.752164
La Poste,43.137995,6.368166
La Poste,46.454831,-1.16879
La Poste,48.196193,6.440258
La Poste,43.478323,5.169542
La Poste,43.398595,5.36624
La Poste,45.678445,5.469602
La Poste,48.896609,2.515168
La Poste,43.448884,5.679254
La Poste,47.907998,1.894248
La Poste,43.568998,6.995178
La Poste,47.811297,7.337306
La Poste,43.493149,6.360367
La Poste,43.567186,1.307224
La Poste,50.401096,2.86516
La Poste,43.268392,5.419028
La Poste,47.099497,2.372938
La Poste,47.071194,2.378317
La Poste,43.568593,7.072389
La Poste,43.764995,7.480962
La Poste,48.730406,7.711606
La Poste,48.841196,2.631138
La Poste,43.737366,7.417528
La Poste,47.951133,1.878973
La Poste,43.646891,3.802379
La Poste,49.222547,4.052928
La Poste,43.5163,5.470938
La Poste,47.14755,6.345183
La Poste,48.790264,2.366916
La Poste,48.825096,2.542527
La Poste,43.451299,5.412519
La Poste,43.654861,5.263299
La Poste,43.630793,5.154486
La Poste,47.341892,5.021708
La Poste,43.535756,1.230838
La Poste,43.646495,3.943166
La Poste,43.602094,3.900217
La Poste,43.642393,7.13444
La Poste,43.698772,7.26514
La Poste,49.250195,6.097815
La Poste,49.131693,6.155775
La Poste,45.9161339,6.09168179
La Poste,46.067489,6.31282
La Poste,49.481698,1.039419
La Poste,48.562222,2.601295
La Poste,48.853794,2.597419
La Poste,44.43177,-0.214282
La Poste,49.0496,2.0091
La Poste,45.153496,5.749568
La Poste,43.639698,6.912659
La Poste,50.614886,3.128892
La Poste,48.414323,3.239949
La Poste,49.874294,2.312756
La Poste,43.193419,6.041383
La Poste,48.816999,2.465436
La Poste,46.1485262,0.29453614
La Poste,48.718292,2.530735
La Poste,47.331214,-1.624005
La Poste,43.619893,6.971363
La Poste,47.435195,-2.089012
La Poste,49.146633,6.818729
La Poste,49.126934,6.194215
La Poste,50.358995,3.286049
La Poste,50.665698,3.126895
La Poste,50.588071,3.050843
La Poste,49.633144,2.294956
La Poste,50.3753497,2.03829974
La Poste,42.696222,3.032687
La Poste,43.106893,6.021844
La Poste,48.636092,2.446802
La Poste,43.418891,5.220058
La Poste,47.242512,5.219914
La Poste,48.777876,-3.044985
La Poste,43.613944,1.083777
La Poste,44.9251888,-0.4879041
La Poste,44.830299,-0.526898
La Poste,48.474757,2.691807
La Poste,43.384493,5.160047
La Poste,50.4775,2.6673
La Poste,45.5973,5.876286
La Poste,49.039928,2.806695
La Poste,46.906321,4.75526736
La Poste,46.309111,4.806074
La Poste,44.8323,-0.6111
La Poste,42.633197,3.032571
La Poste,45.277896,6.343265
La Poste,43.16475,6.042522
La Poste,49.1516456,0.90553347
La Poste,48.905693,2.344349
La Poste,43.5649,7.0158
La Poste,48.812445,3.08398
La Poste,43.452593,1.40109
La Poste,44.681792,-0.527788
La Poste,43.627793,7.09725
La Poste,43.721893,7.152637
La Poste,43.396588,1.262723
La Poste,47.104443,-1.811997
La Poste,48.113102,4.375756
La Poste,50.353058,3.125591
La Poste,43.821996,7.190549
La Poste,48.706758,2.86707
La Poste,43.773094,7.191697
La Poste,43.643694,6.881961
La Poste,50.730997,3.178748
La Poste,43.148793,6.073138
La Poste,43.69555,1.430285
La Poste,48.484659,2.348751
La Poste,50.6423314,3.08757122
La Poste,46.0768525,6.40888279
La Poste,48.993893,2.37278
La Poste,49.829898,3.281029
La Poste,43.353667,3.529378
La Poste,43.344833,-0.262668
La Poste,44.387848,6.653842
La Poste,43.550077,3.779518
La Poste,48.013091,2.73562
La Poste,43.72488,7.27508
La Poste,47.397338,-0.529449
La Poste,47.685599,-0.874232
La Poste,49.406595,6.154748
La Poste,49.357805,6.187714
La Poste,50.474869,3.245483
La Poste,45.801399,4.825637
La Poste,48.873196,2.640175
La Poste,49.909327,2.508649
La Poste,49.698352,2.79339
La Poste,48.526958,2.38016
La Poste,43.189398,5.626637
La Poste,43.318298,5.42384
La Poste,49.899871,3.627264
La Poste,44.838198,-0.616891
La Poste,43.529586,3.932173
La Poste,49.01425,6.393318
La Poste,43.368262,5.635311
La Poste,49.052748,7.423009
La Poste,48.76686,7.256482
La Poste,50.700697,3.141176
La Poste,50.3868,3.601504
La Poste,45.6643,4.9568
La Poste,45.50189,6.052516
La Poste,43.3689,5.3566
La Poste,43.6338627,3.83273031
La Poste,50.530299,2.80445
La Poste,48.952899,2.312548
La Poste,48.692945,2.608479
La Poste,48.399472,2.798132
La Poste,48.858492,2.907276
La Poste,48.781507,3.305963
La Poste,48.741013,2.736146
La Poste,49.01455,2.70878
La Poste,48.239255,2.902199
La Poste,48.847095,3.230326
La Poste,48.956867,2.949124
La Poste,48.909696,2.179199
La Poste,48.742799,1.961786
La Poste,48.8149,1.904837
La Poste,48.9186,1.975578
La Poste,48.798095,2.067406
La Poste,48.980193,1.974779
La Poste,48.3182,2.0005
La Poste,48.491707,2.190443
La Poste,48.646014,2.072712
La Poste,48.402998,2.469198
La Poste,48.713298,2.363147
La Poste,48.619897,2.489937
La Poste,48.615095,2.504456
La Poste,48.790192,2.312026
La Poste,48.782853,2.244642
La Poste,48.8994,2.1901
La Poste,48.862391,2.577929
La Poste,48.909083,2.43792
La Poste,48.876795,2.551398
La Poste,48.865897,2.533685
La Poste,48.786297,2.541517
La Poste,48.9900649,2.41819869
La Poste,47.38773,0.827069
La Poste,49.077796,6.076727
La Poste,50.762995,3.00709
La Poste,49.165421,2.246377
La Poste,45.874897,4.840927
La Poste,48.672995,2.325939
La Poste,49.294992,-0.377395
La Poste,44.259673,4.19749949
La Poste,48.148576,-1.773894
La Poste,49.505399,0.200638
La Poste,48.973402,2.343054
La Poste,44.912392,-0.724464
La Poste,50.704192,3.093209
La Poste,45.7455362,6.29355946
La Poste,49.47052,5.824073
La Poste,48.621336,7.48721
La Poste,43.6668157,7.04775649
La Poste,44.349232,4.767895
La Poste,47.50698,7.003746
La Poste,48.6022,2.5689
La Poste,43.489411,3.669246
La Poste,45.350413,5.504628
La Poste,49.0738544,2.67251979
La Poste,46.067442,4.648783
La Poste,43.392459,3.101046
La Poste,45.200197,5.83566
La Poste,48.880996,2.345149
La Poste,47.088906,-1.276797
La Poste,43.650982,1.326205
La Poste,50.267194,2.777789
La Poste,49.5056153,2.436836
La Poste,45.56197,4.27624
La Poste,47.913339,1.875288
La Poste,43.7917,7.272286
La Poste,48.801561,2.986492
La Poste,50.753192,3.121889
La Poste,44.7854,-0.491893
La Poste,46.994249,-1.821921
La Poste,49.044294,6.598829
La Poste,48.775196,2.377838
La Poste,48.58805,1.577228
La Poste,47.422853,6.069631
La Poste,45.171396,5.757171
La Poste,50.369861,3.473375
La Poste,43.681863,1.317832
La Poste,48.899327,2.87332
La Poste,48.633143,2.55076
La Poste,46.822366,-0.669471
La Poste,45.2482331,5.82610289
La Poste,43.87897,7.44697
La Poste,49.2964807,2.59766944
La Poste,47.473987,-1.762232
La Poste,47.249499,-1.484463
La Poste,45.742073,4.818143
La Poste,47.502696,-0.585674
La Poste,44.60667,-0.940654
La Poste,49.025012,3.019021
La Poste,42.43331,1.94559
La Poste,49.260595,6.143089
La Poste,45.558751,5.962193
La Poste,47.206197,-1.53277
La Poste,43.6013,6.996279
La Poste,49.47015,5.931101
La Poste,49.380998,1.105419
La Poste,47.816407,6.380823
La Poste,46.1466,-1.1527
La Poste,43.687166,7.101808
La Poste,43.664922,1.50555056
La Poste,47.142096,-1.692368
La Poste,49.2981289,6.19852286
La Poste,49.5437,0.191305
La Poste,45.7356,4.804898
La Poste,43.375576,-0.379856
La Poste,48.937492,7.881689
La Poste,49.140192,-0.35476
La Poste,46.263775,4.886734
La Poste,43.589594,5.124268
La Poste,47.888643,1.838158
La Poste,44.641294,-0.974765
La Poste,45.027395,-0.80021
La Poste,45.619631,4.67275
La Poste,48.435693,-4.398112
La Poste,47.660552,-2.452228
La Poste,47.099044,2.481056
La Poste,48.550259,7.711025
La Poste,49.297998,1.009286
La Poste,49.325086,6.123985
La Poste,47.350892,0.663925
La Poste,47.409722,0.669316
La Poste,47.410491,0.684693
La Poste,45.586398,5.273846
La Poste,45.150098,5.718154
La Poste,45.1822,5.7322
La Poste,45.620095,5.222309
La Poste,45.210296,5.777808
La Poste,45.233394,5.677958
La Poste,45.1807,5.697208
La Poste,45.566009,5.448941
La Poste,45.521495,4.873168
La Poste,45.6098,5.157509
La Poste,44.897493,6.633699
La Poste,45.3678917,5.58947126
La Poste,45.187796,5.712611
La Poste,45.163997,5.727749
La Poste,45.190598,5.729691
La Poste,43.5815339,7.1235226
La Poste,46.35689,6.142471
La Poste,43.654952,7.157397
La Poste,43.545398,-1.103267
La Poste,43.552029,7.0186822
La Poste,43.723188,-1.053762
La Poste,47.59346,1.311689
La Poste,47.358118,1.744154
La Poste,43.6572,6.923
La Poste,46.025395,4.086489
La Poste,45.744731,4.224837
La Poste,45.604259,4.067881
La Poste,45.529796,4.620957
La Poste,46.040596,4.072411
La Poste,48.613393,2.374836
La Poste,43.549388,5.193713
La Poste,43.773396,7.496391
La Poste,43.703499,7.260807
La Poste,45.480594,4.433063
La Poste,45.417395,4.393664
La Poste,45.295114,3.381205
La Poste,45.042297,3.889291
La Poste,43.665696,7.193614
La Poste,47.296292,-1.552811
La Poste,47.719492,-1.378911
La Poste,47.3303667,-2.4247136
La Poste,47.218197,-1.559152
La Poste,47.253196,-1.596612
La Poste,47.275398,-2.213456
La Poste,47.207492,-1.50536
La Poste,47.167999,-1.471438
La Poste,43.5793,7.054
La Poste,47.225796,-1.529798
La Poste,47.219993,-1.555832
La Poste,47.189297,-1.550786
La Poste,47.235197,-1.58295
La Poste,47.241698,-1.532323
La Poste,47.927822,1.916869
La Poste,47.6844169,2.62937022
La Poste,48.000197,2.732467
La Poste,47.865192,1.90197
La Poste,48.171199,2.254822
La Poste,47.911895,1.96756
La Poste,43.725693,7.256604
La Poste,47.887065,1.907125
La Poste,47.9066481,1.90611341
La Poste,47.9115201,1.92848243
La Poste,43.567814,6.966615
La Poste,43.662897,7.150468
La Poste,43.709796,7.263748
La Poste,46.3326875,6.05849505
La Poste,43.553094,7.020459
La Poste,47.050296,-0.868937
La Poste,47.469793,-0.552077
La Poste,49.116847,-1.0896088
La Poste,43.570426,7.111339
La Poste,43.704296,7.285407
La Poste,43.70236,7.265848
La Poste,43.716692,7.257068
La Poste,43.700784,7.274153
La Poste,43.555393,7.022678
La Poste,43.689793,7.241366
La Poste,49.043498,3.954458
La Poste,43.696699,7.254286
La Poste,49.2522,4.0257
La Poste,49.250191,3.992064
La Poste,49.255698,4.034677
La Poste,48.637491,4.949578
La Poste,49.158896,5.878025
La Poste,48.590518,6.495993
La Poste,48.9038,6.050087
La Poste,48.702395,6.213268
La Poste,48.674972,5.895504
La Poste,48.661896,6.176519
La Poste,48.672693,6.154556
La Poste,49.522623,5.762762
La Poste,47.93355,-2.398935
La Poste,47.655897,-2.760202
La Poste,49.187884,6.89991
La Poste,49.253851,6.164782
La Poste,49.210695,6.159909
La Poste,49.100592,6.15443
La Poste,49.10333,6.708955
La Poste,49.112695,7.064441
La Poste,49.3567,6.1654
La Poste,49.109788,6.218954
La Poste,47.410386,2.923145
La Poste,44.733697,4.597816
La Poste,46.990193,3.158428
La Poste,50.624796,3.147205
La Poste,50.370596,3.503181
La Poste,50.687495,2.881966
La Poste,50.1717572,3.23284976
La Poste,50.1236,3.408577
La Poste,50.325361,3.39462
La Poste,50.368397,3.08492
La Poste,51.035174,2.381643
La Poste,50.730593,3.158829
La Poste,51.0150293,2.30286832
La Poste,50.782493,3.126156
La Poste,50.610896,2.983469
La Poste,50.725194,2.538937
La Poste,50.6265766,3.10661575
La Poste,50.650492,3.028228
La Poste,50.630994,3.060566
La Poste,50.653697,3.06977
La Poste,50.673597,3.09156
La Poste,50.278285,3.972291
La Poste,50.642399,3.107539
La Poste,50.605111,3.077188
La Poste,50.6905,3.176018
La Poste,50.447393,3.429935
La Poste,51.027169,2.34022745
La Poste,50.359388,3.523184
La Poste,50.700494,3.214659
La Poste,50.6364219,3.06577158
La Poste,50.6240982,3.06779685
La Poste,50.6444185,3.06108222
La Poste,49.432391,2.0844
La Poste,49.191615,2.463794
La Poste,49.414181,2.821812
La Poste,49.236128,2.888478
La Poste,49.155292,2.441018
La Poste,49.234575,2.134312
La Poste,45.904725,5.192328
La Poste,49.579598,3.00175
La Poste,49.203752,2.586028
La Poste,48.76476,0.624713
La Poste,50.287995,2.778083
La Poste,50.408694,2.83112
La Poste,50.5321,2.641797
La Poste,50.722699,1.6022
La Poste,50.4827664,2.54572491
La Poste,50.945399,1.853844
La Poste,50.489896,2.954149
La Poste,50.429494,2.834726
La Poste,50.422797,2.779897
La Poste,50.751164,2.260161
La Poste,50.383432,2.336479
La Poste,50.958799,1.852706
La Poste,45.773991,3.061917
La Poste,45.545099,3.251088
La Poste,45.847282,3.532232
La Poste,45.7933,3.079728
La Poste,49.507909,4.36509
La Poste,43.482593,-1.515856
La Poste,43.499174,-1.491716
La Poste,43.480897,-1.560301
La Poste,43.388495,-1.658832
La Poste,49.773182,4.718498
La Poste,42.772696,2.987065
La Poste,42.684098,2.901973
La Poste,48.582693,7.741798
La Poste,48.407564,7.454491
La Poste,48.420889,7.663621
La Poste,48.812694,7.790129
La Poste,48.527605,7.709147
La Poste,48.558594,7.686618
La Poste,46.260146,5.647735
La Poste,48.539404,7.493807
La Poste,48.4613,7.482963
La Poste,48.258499,7.45378
La Poste,49.033997,7.944877
La Poste,48.586892,7.749093
La Poste,48.576095,7.752886
La Poste,48.578895,7.710647
La Poste,48.549093,7.748478
La Poste,48.566493,7.758703
La Poste,48.566988,7.77258
La Poste,48.592097,7.695507
La Poste,47.781161,7.348644
La Poste,47.743898,7.365747
La Poste,47.586501,7.564648
La Poste,48.080293,7.360709
La Poste,47.748298,7.307999
La Poste,47.750693,7.341924
La Poste,46.109098,4.749919
La Poste,45.7354,4.909066
La Poste,45.797893,4.844872
La Poste,45.745896,4.724374
La Poste,45.775896,4.778638
La Poste,45.587296,4.770959
La Poste,45.756098,4.833669
La Poste,45.7157231,4.80984772
La Poste,45.710402,4.855148
La Poste,45.697198,4.794416
La Poste,45.8952,4.435338
La Poste,45.778,4.9196
La Poste,45.698698,4.884877
La Poste,45.988298,4.715778
La Poste,45.768391,4.955851
La Poste,45.816793,4.90199
La Poste,45.694593,4.937055
La Poste,45.759434,4.888891
La Poste,45.771097,4.848447
La Poste,45.774695,4.833227
La Poste,45.750797,4.845348
La Poste,45.743792,4.870278
La Poste,45.749799,4.886845
La Poste,45.730595,4.829749
La Poste,45.758192,4.84472
La Poste,45.773896,4.806668
La Poste,45.757791,4.862577
La Poste,45.770698,4.866231
La Poste,45.765296,4.898856
La Poste,45.756094,4.802075
La Poste,45.727795,4.863179
La Poste,45.7865168,4.79595713
La Poste,45.780794,4.88468
La Poste,45.696299,4.87318
La Poste,47.574599,6.755778
La Poste,47.618187,6.154333
La Poste,46.795579,4.854132
La Poste,46.6281426,5.22226765
La Poste,46.673702,4.362739
La Poste,48.187111,0.653561
La Poste,47.697594,-0.073959
La Poste,48.003462,0.197059
La Poste,47.9726141,0.22087
La Poste,45.6906,5.9127
La Poste,45.675892,6.392098
La Poste,45.570094,5.917289
La Poste,45.899985,6.123032
La Poste,45.914511,6.14461659
La Poste,46.1874,6.243027
La Poste,45.923054,6.869793
La Poste,46.0599,6.579547
La Poste,46.189,6.2097
La Poste,45.867829,5.943578
La Poste,46.143639,6.080648
La Poste,45.936998,6.630738
La Poste,45.8872632,6.10133572
La Poste,46.369893,6.47858
La Poste,48.283792,4.052079
La Poste,45.914196,6.123626
La Poste,46.194894,6.233667
La Poste,48.883316,2.381167
La Poste,48.835237,2.326145
La Poste,48.859491,2.37913
La Poste,48.891062,2.319245
La Poste,48.294594,4.077109
La Poste,48.870819,2.378043
La Poste,48.846843,2.381494
La Poste,48.825196,2.375346
La Poste,48.836792,2.39285
La Poste,48.8949,2.34477
La Poste,48.893497,2.351067
La Poste,48.829845,2.378734
La Poste,48.8646,2.343
La Poste,48.841595,2.350399
La Poste,48.847994,2.319897
La Poste,48.873193,2.313689
La Poste,48.857769,2.374186
La Poste,48.846492,2.387209
La Poste,48.82864,2.356611
La Poste,48.8369,2.297
La Poste,48.856796,2.275938
La Poste,48.883391,2.302115
La Poste,48.892293,2.341798
La Poste,48.884404,2.390347
La Poste,48.868498,2.39569
La Poste,48.876898,2.335556
La Poste,48.852227,2.340642
La Poste,48.847612,2.352691
La Poste,48.845994,2.374149
La Poste,48.8792,2.3142
La Poste,48.874196,2.373829
La Poste,48.8678,2.3839
La Poste,48.85699,2.319331
La Poste,48.870673,2.308178
La Poste,48.869278,2.372281
La Poste,48.869699,2.34151
La Poste,48.848493,2.261679
La Poste,48.8872839,2.31801502
La Poste,48.874696,2.384838
La Poste,48.839929,2.393895
La Poste,46.2432966,6.02494014
La Poste,48.890314,2.359597
La Poste,48.858698,2.402789
La Poste,48.891394,2.326888
La Poste,48.876798,2.28645
La Poste,48.830508,2.368065
La Poste,48.834786,2.305161
La Poste,48.868096,2.282099
La Poste,48.834593,2.317096
La Poste,48.846593,2.400826
La Poste,48.879695,2.294705
La Poste,48.888651,2.373939
La Poste,48.8358,2.3528
La Poste,48.883795,2.374108
La Poste,48.86892,2.329297
La Poste,48.875999,2.346198
La Poste,48.883495,2.329329
La Poste,48.86547,2.360581
La Poste,48.851819,2.389241
La Poste,48.872498,2.326629
La Poste,48.872794,2.399269
La Poste,48.876967,2.405076
La Poste,48.844798,2.297566
La Poste,48.888382,2.39024
La Poste,48.8389,2.25705
La Poste,48.826,2.3459
La Poste,48.841297,2.316917
La Poste,48.88396,2.313929
La Poste,48.849894,2.374778
La Poste,48.864998,2.287156
La Poste,48.892738,2.378412
La Poste,48.857494,2.384945
La Poste,48.8559988,2.35776824
La Poste,48.872606,2.356151
La Poste,48.866598,2.354179
La Poste,48.85941,2.346755
La Poste,48.875091,2.323566
La Poste,48.862693,2.37175
La Poste,48.877595,2.393697
La Poste,48.898998,2.336346
La Poste,48.8711501,2.3452677
La Poste,48.8697,2.3659
La Poste,48.8463,2.410808
La Poste,48.838295,2.405759
La Poste,48.829492,2.297496
La Poste,48.823995,2.363475
La Poste,48.8982,2.3586
La Poste,48.846627,2.285077
La Poste,48.831975,2.330584
La Poste,48.8257,2.3155
La Poste,48.822799,2.325896
La Poste,48.821194,2.342527
La Poste,48.852203,2.292326
La Poste,48.8647,2.406
La Poste,49.495441,0.112543
La Poste,49.452097,1.035249
La Poste,49.440099,1.145866
La Poste,49.405894,1.051319
La Poste,49.423398,1.061692
La Poste,49.443192,1.091097
La Poste,43.213192,2.353427
La Poste,49.415796,1.088169
La Poste,49.618498,0.754854
La Poste,49.433595,1.086578
La Poste,49.512192,0.174411
La Poste,48.517296,2.63391
La Poste,48.947117,3.127697
La Poste,48.403797,2.700196
La Poste,48.879098,2.707851
La Poste,48.957199,2.88234
La Poste,48.5444384,2.64017185
La Poste,48.539696,2.66229
La Poste,48.627,2.589028
La Poste,48.5569661,3.01150083
La Poste,48.266364,2.69911
La Poste,48.772897,2.678127
La Poste,48.798493,2.605277
La Poste,48.560078,3.302539
La Poste,48.531207,2.545298
La Poste,48.945,2.60807
La Poste,48.839296,2.709418
La Poste,48.952998,2.600015
La Poste,48.903592,2.589476
La Poste,48.9529,2.913748
La Poste,48.962393,2.071328
La Poste,48.890694,2.15745
La Poste,48.804697,2.132698
La Poste,48.827199,2.12549
La Poste,48.822256,1.98916
La Poste,48.993194,2.094098
La Poste,48.767461,1.949286
La Poste,48.810696,2.044289
La Poste,48.768458,2.078003
La Poste,48.924297,2.190597
La Poste,48.994508,1.736068
La Poste,48.946393,2.144336
La Poste,48.762292,1.943397
La Poste,49.0044861,1.90934027
La Poste,48.769488,2.040696
La Poste,48.995296,1.91095
La Poste,48.817691,1.945277
La Poste,48.927697,2.04536
La Poste,48.647195,1.824199
La Poste,48.943878,2.189764
La Poste,48.7772099,1.98627026
La Poste,48.785095,2.181087
La Poste,48.7976,2.1357
La Poste,48.9407861,2.16054192
La Poste,48.809597,2.133658
La Poste,48.879395,2.099918
La Poste,49.005693,2.11666
La Poste,48.989296,1.716888
La Poste,48.7839,2.0406
La Poste,48.897419,2.0897
La Poste,43.200297,2.76429
La Poste,46.321782,-0.461207
La Poste,50.108396,1.834239
La Poste,49.894599,2.296638
La Poste,49.930499,2.933799
La Poste,43.183294,3.007886
La Poste,46.107098,5.824684
La Poste,43.494298,2.375157
La Poste,43.197575,5.802393
La Poste,43.406594,6.064958
La Poste,43.173338,6.531383
La Poste,43.537494,6.461291
La Poste,43.122793,6.010045
La Poste,43.113317,6.135894
La Poste,43.423099,6.77096
La Poste,43.119596,5.801233
La Poste,43.082995,5.876397
La Poste,43.095094,5.838499
La Poste,43.120097,5.942667
La Poste,43.137695,5.985304
La Poste,43.1117,5.938029
La Poste,43.139093,5.902249
La Poste,43.119796,6.12873
La Poste,43.124496,5.930038
La Poste,43.877099,5.391598
La Poste,43.943128,4.804643
La Poste,43.834404,5.035825
La Poste,43.918095,5.053788
La Poste,44.135597,4.81228
La Poste,43.693072,5.502142
La Poste,43.961694,4.859676
La Poste,44.0083,4.873476
La Poste,44.241717,5.073233
La Poste,46.84611,-1.880579
La Poste,46.49994,-1.784819
La Poste,46.582095,0.338
La Poste,46.566495,0.35841
La Poste,45.832392,1.257669
La Poste,45.939894,4.780766
La Poste,48.177092,6.444218
La Poste,48.287294,6.950876
La Poste,47.794979,3.568934
La Poste,45.761179,5.687556
La Poste,47.981175,3.398663
La Poste,48.198898,3.282608
La Poste,47.638493,6.857507
La Poste,48.588994,2.245468
La Poste,48.706396,2.385172
La Poste,44.101577,3.076116
La Poste,48.696599,2.50381
La Poste,48.697192,2.163658
La Poste,48.703493,2.319088
La Poste,48.611497,2.479339
La Poste,48.531825,2.009376
La Poste,48.686312,2.411207
La Poste,48.434194,2.161786
La Poste,48.6308651,2.42697572
La Poste,48.702195,2.132598
La Poste,48.690598,2.375585
La Poste,48.7325,2.28981
La Poste,48.706597,2.457327
La Poste,48.640096,2.271407
La Poste,48.704698,2.330237
La Poste,48.653093,2.35153
La Poste,48.700281,2.18714469
La Poste,48.712295,2.24574
La Poste,48.647995,2.407229
La Poste,48.679099,2.345877
La Poste,48.745999,2.268827
La Poste,48.703042,2.427708
La Poste,48.672594,2.375554
La Poste,48.682198,2.169002
La Poste,48.603961,2.46973
La Poste,48.730992,2.274961
La Poste,48.910492,2.287917
La Poste,48.916,2.268017
La Poste,48.828698,2.232808
La Poste,48.781238,2.316176
La Poste,48.804493,2.287988
La Poste,48.810132,2.190231
La Poste,48.902193,2.304311
La Poste,48.922798,2.259307
La Poste,48.792197,2.285077
La Poste,48.844136,2.185388
La Poste,48.9077,2.2466
La Poste,48.924792,2.293059
La Poste,48.8396,2.2395
La Poste,48.8949,2.281
La Poste,48.809593,2.236275
La Poste,48.815035,2.318691
La Poste,48.8903,2.198829
La Poste,48.890268,2.271134
La Poste,48.780896,2.262348
La Poste,48.884298,2.237288
La Poste,48.877799,2.17807
La Poste,48.8447,2.2116
La Poste,48.778996,2.290095
La Poste,48.8253,2.2148
La Poste,48.869998,2.225559
La Poste,48.820638,2.290615
La Poste,48.937696,2.33164
La Poste,48.931093,2.275376
La Poste,48.828898,2.24623
La Poste,48.844493,2.237528
La Poste,48.903466,2.267672
La Poste,48.917164,2.301191
La Poste,48.812197,2.325842
La Poste,48.888502,2.222858
La Poste,48.811475,2.271435
La Poste,48.900588,2.316254
La Poste,48.915663,2.227707
La Poste,48.898892,2.246298
La Poste,48.8910956,2.29524623
La Poste,48.891615,2.254458
La Poste,48.888795,2.169339
La Poste,48.881797,2.271497
La Poste,48.810367,2.300592
La Poste,48.7399751,2.30249814
La Poste,48.8933,2.289269
La Poste,48.8354,2.239887
La Poste,48.941755,2.497965
La Poste,48.867195,2.4183906
La Poste,48.9381,2.4605
La Poste,48.90477,2.44578
La Poste,48.901464,2.487389
La Poste,48.937409,2.428595
La Poste,48.921792,2.44719
La Poste,48.884302,2.534191
La Poste,48.879595,2.416496
La Poste,48.919796,2.537217
La Poste,48.898994,2.560719
La Poste,48.859797,2.438437
La Poste,48.857692,2.527919
La Poste,48.848895,2.55289
La Poste,48.894596,2.457396
La Poste,48.936394,2.532957
La Poste,48.891797,2.406007
La Poste,48.905394,2.505696
La Poste,48.9657922,2.3632679
La Poste,48.884498,2.408068
La Poste,48.882399,2.439871
La Poste,48.870794,2.484439
La Poste,48.940193,2.354217
La Poste,48.9051394,2.33067828
La Poste,48.955209,2.384983
La Poste,48.950593,2.567887
La Poste,48.883591,2.511648
La Poste,48.956197,2.540742
La Poste,48.852991,2.417899
La Poste,48.868396,2.452116
La Poste,48.863993,2.466806
La Poste,48.90266,2.393152
La Poste,48.877797,2.458788
La Poste,48.914797,2.403078
La Poste,48.912497,2.521958
La Poste,48.9053783,2.32789768
La Poste,48.883195,2.478219
La Poste,48.887993,2.463078
La Poste,48.937592,2.372087
La Poste,48.914265,2.47997
La Poste,48.936392,2.354025
La Poste,48.843094,2.578207
La Poste,48.839497,2.546397
La Poste,48.948058,2.524995
La Poste,48.8049,2.415307
La Poste,48.753893,2.502295
La Poste,48.841091,2.522371
La Poste,48.814699,2.507197
La Poste,48.819999,2.415316
La Poste,48.7726641,2.36051197
La Poste,48.763211,2.406429
La Poste,48.793698,2.460441
La Poste,48.849298,2.475308
La Poste,48.754686,2.320368
La Poste,48.814794,2.348868
La Poste,48.7780214,2.33585522
La Poste,48.751399,2.48535
La Poste,48.803799,2.432735
La Poste,48.853801,2.487852
La Poste,48.743296,2.399857
La Poste,48.842593,2.503476
La Poste,48.807994,2.575376
La Poste,48.840597,2.417948
La Poste,48.802497,2.491347
La Poste,48.7717,2.519879
La Poste,48.763999,2.393709
La Poste,48.745999,2.468346
La Poste,48.794695,2.363909
La Poste,48.734197,2.419277
La Poste,48.846407,2.436832
La Poste,48.790093,2.38997
La Poste,48.814693,2.420439
La Poste,48.848796,2.457916
La Poste,48.818123,2.375572
La Poste,48.817798,2.39811
La Poste,48.819895,2.479408
La Poste,48.808993,2.444379
La Poste,48.804744,2.471714
La Poste,48.7946372,2.513988
La Poste,48.847694,2.423406
La Poste,48.810992,2.545102
La Poste,48.784596,2.400056
La Poste,48.790494,2.425868
La Poste,48.803194,2.552196
La Poste,48.787196,2.446578
La Poste,48.777894,2.45499
La Poste,48.971296,2.196839
La Poste,48.991592,2.276028
La Poste,48.969596,2.308199
La Poste,48.9909,2.260898
La Poste,48.986873,2.229031
La Poste,48.972062,2.400066
La Poste,48.985614,2.439885
La Poste,49.111997,2.218918
La Poste,48.989296,2.319481
La Poste,49.149858,2.273444
La Poste,48.967197,2.283837
La Poste,49.019817,2.242658
La Poste,49.044492,2.105518
La Poste,48.940392,2.223579
La Poste,48.958991,2.239697
La Poste,48.976692,2.375717
La Poste,49.050764,2.033741
La Poste,43.525799,5.44445
La Poste,43.175798,5.604049
La Poste,43.444692,4.941919
La Poste,43.452093,5.469299
La Poste,43.505325,4.987438
La Poste,43.413591,5.056178
La Poste,43.583691,5.001008
La Poste,43.406476,4.982159
La Poste,43.649123,5.094412
La Poste,43.802192,4.656734
La Poste,43.598151,5.484938
La Poste,43.446595,5.250273
La Poste,43.336396,5.407023
La Poste,43.639896,5.095121
La Poste,43.282798,5.402373
La Poste,43.2709,5.389444
La Poste,43.5327096,5.41848993
La Poste,43.304857,5.417157
La Poste,43.503156,5.392634
La Poste,43.292297,5.395925
La Poste,43.302394,5.397251
La Poste,43.288694,5.36342
La Poste,43.2416,5.39432
La Poste,43.305,5.3673
La Poste,43.293498,5.379283
La Poste,43.299724,5.430223
La Poste,43.249492,5.38811
La Poste,43.288697,5.460507
La Poste,43.268794,5.404689
La Poste,43.297397,5.483191
La Poste,43.322593,5.389608
La Poste,49.1768807,-0.3892784
La Poste,49.203695,-0.332039
La Poste,49.416405,0.23078
La Poste,49.175997,-0.321897
La Poste,49.1605923,-0.3426926
La Poste,49.180098,-0.364058
La Poste,49.043894,3.399058
La Poste,49.614329,3.220699
La Poste,45.691849,-0.327603
La Poste,45.937498,-0.964343
La Poste,45.6248,-1.024948
La Poste,49.569895,3.624303
La Poste,46.106149,-0.752455
La Poste,45.944882,-0.89293
La Poste,47.221398,2.064669
La Poste,45.156166,1.535366
La Poste,49.846698,3.290367
La Poste,49.380118,3.327984
La Poste,49.656296,3.292148
La Poste,41.5991,9.2751
La Poste,47.350696,5.039778
La Poste,47.0203,4.838565
La Poste,47.313302,5.11136
La Poste,47.316895,5.043416
La Poste,47.323599,5.036938
La Poste,47.310392,5.060078
La Poste,48.4680472,-2.5128653
La Poste,48.732195,-3.462062
La Poste,44.852996,0.485607
La Poste,45.185298,0.717557
La Poste,44.946898,4.893855
La Poste,46.339899,2.60231
La Poste,44.556294,4.750628
La Poste,44.37704,4.699414
La Poste,44.9364,4.894805
La Poste,49.089192,0.593598
La Poste,49.026595,1.14682
La Poste,49.279301,1.77803572
La Poste,49.212898,1.171096
La Poste,49.103295,1.452393
La Poste,49.092298,1.482247
La Poste,48.445895,1.483398
La Poste,48.072386,1.345324
La Poste,48.609367,1.676744
La Poste,48.429006,1.474271
La Poste,48.719861,1.369841
La Poste,46.125094,3.425828
La Poste,44.126779,4.081189
La Poste,44.162273,4.622943
La Poste,43.806045,4.643616
La Poste,43.533843,4.138909
La Poste,44.011728,4.416275
La Poste,43.960897,4.781539
La Poste,43.840599,4.359577
La Poste,43.667196,1.429428
La Poste,43.608796,1.49389
La Poste,43.634693,1.394896
La Poste,43.600499,1.446778
La Poste,43.609991,1.329962
La Poste,43.537092,1.346147
La Poste,43.463699,1.325158
La Poste,43.520891,1.40217
La Poste,43.547997,1.471989
La Poste,43.108897,0.722578
La Poste,43.554692,1.532419
La Poste,43.604994,1.444679
La Poste,43.582895,1.346057
La Poste,43.657492,1.482968
La Poste,43.600691,1.476051
La Poste,43.610795,1.436448
La Poste,43.636091,1.464068
La Poste,43.602791,1.45446
La Poste,43.586998,1.446741
La Poste,43.619397,1.469359
La Poste,43.573993,1.462236
La Poste,43.550597,1.507848
La Poste,44.742791,-1.097435
La Poste,44.660292,-1.168503
La Poste,44.844791,-0.576754
La Poste,44.807699,-0.560383
La Poste,44.85129,-0.645705
La Poste,44.910997,-0.631029
La Poste,44.839896,-0.583303
La Poste,44.881495,-0.613446
La Poste,44.855091,-0.518033
La Poste,44.772395,-0.613848
La Poste,44.553435,-0.248209
La Poste,44.902471,-0.220864
La Poste,44.916893,-0.243587
La Poste,44.871858,-0.5201789
La Poste,44.841595,-0.649231
La Poste,44.802291,-0.633759
La Poste,43.831999,5.785918
La Poste,44.994289,-0.441187
La Poste,44.894649,-0.71507
La Poste,44.812691,-0.590508
La Poste,44.631091,-1.148839
La Poste,44.843316,-0.555214
La Poste,44.855293,-0.571721
La Poste,44.821195,-0.57254
La Poste,44.7816,-0.5667
La Poste,44.795992,-0.666972
La Poste,44.851499,-0.609572
La Poste,43.349189,3.22113
La Poste,43.6324,3.8974
La Poste,43.62676,3.434338
La Poste,43.448397,3.751654
La Poste,43.568695,3.904125
La Poste,43.672393,4.131221
La Poste,43.618194,4.009697
La Poste,43.425241,3.601254
La Poste,43.603892,3.875116
La Poste,43.577097,3.828633
La Poste,43.627047,3.875092
La Poste,43.607497,3.890776
La Poste,43.342498,3.212648
La Poste,43.631496,3.856218
La Poste,48.024353,-1.744777
La Poste,48.118591,-1.604207
La Poste,48.113999,-1.680392
La Poste,48.153986,-1.684181
La Poste,48.124396,-1.209063
La Poste,48.130199,-1.632446
La Poste,48.108999,-1.69332
La Poste,48.090894,-1.69223
La Poste,48.120894,-1.706133
La Poste,48.130993,-1.658665
La Poste,48.109598,-1.68007
La Poste,48.087893,-1.674193
La Poste,47.411694,0.97932
La Poste,47.342617,0.715238
La Poste,46.7279649,-2.3521798
La Poste,43.586492,1.533628
La Poste,47.212999,-1.729711
La Poste,47.211291,-1.64942
La Poste,43.137414,6.232722
La Poste,49.355358,0.818621
La Poste,46.118997,4.960829
La Poste,47.247794,-1.522143
La Poste,49.366897,6.148239
La Poste,49.327335,2.460885
La Poste,45.749293,3.11062
La Poste,50.135298,4.828249
La Poste,45.763599,4.856477
La Poste,48.9105403,2.35854788
La Poste,48.813994,2.384211
La Poste,48.433555,-4.621377
La Poste,43.400787,1.71507
La Poste,43.616098,3.825741
La Poste,43.491582,0.929343
La Poste,48.988963,1.812343
La Poste,45.634699,4.855025
La Poste,49.434498,3.964872
La Poste,50.523063,3.113445
La Poste,43.656239,3.550121
La Poste,48.655258,7.606718
La Poste,50.616109,3.232397
La Poste,45.123197,5.69947
La Poste,49.663791,1.935694
La Poste,50.503191,3.451989
La Poste,43.677914,3.982178
La Poste,47.930272,2.926109
La Poste,45.671591,4.898851
La Poste,48.8298067,2.56706093
La Poste,47.454524,0.708279
La Poste,43.522601,5.256778
La Poste,47.863166,2.22257
La Poste,50.668758,2.970625
La Poste,46.794712,4.81675
La Poste,43.279591,5.417968
La Poste,43.346399,5.462528
La Poste,43.191996,-0.609024
La Poste,48.744196,7.36216
La Poste,48.863098,2.506948
La Poste,43.730498,3.320695
La Poste,48.9947999,2.41645389
La Poste,43.420229,5.234547
La Poste,48.450598,1.46263
La Poste,45.2832,5.881
La Poste,45.43203,6.023991
La Poste,45.751286,5.174847
La Poste,47.296891,-1.491227
La Poste,45.823887,4.950582
La Poste,48.3823969,2.95386498
La Poste,48.792339,1.603692
La Poste,48.975195,1.713316
La Poste,46.79103,-2.064015
La Poste,45.821891,1.239048
La Poste,48.609493,2.305321
La Poste,44.349094,-1.074062
La Poste,45.088152,5.683181
La Poste,43.745017,7.429255
La Poste,48.583198,7.772068
La Poste,43.299593,5.384753
La Poste,48.699694,6.133428
La Poste,47.402124,0.596324
La Poste,44.683086,-1.014796
La Poste,44.549226,-0.868613
La Poste,48.790035,2.655382
La Poste,49.151696,6.151388
La Poste,48.900079,2.810553
La Poste,46.179193,5.325461
La Poste,47.342569,0.616677
La Poste,43.309096,5.440178
La Poste,50.588366,3.112217
La Poste,44.912893,-0.426244
La Poste,47.801997,7.174658
La Poste,50.529294,2.931719
La Poste,45.180295,5.716789
La Poste,47.758685,7.27825
La Poste,48.692479,7.883671
La Poste,48.8059,2.455476
La Poste,49.2543,3.090737
La Poste,44.728895,-0.600054
La Poste,43.6109,3.877272
La Poste,47.5906049,0.90202
La Poste,47.368873,0.72966806
La Poste,45.632604,5.147328
La Poste,47.733697,-3.42999
La Poste,49.20574,6.696757
La Poste,50.197107,3.840377
La Poste,50.300493,3.390259
La Poste,50.363892,3.112616
La Poste,50.639317,2.401021
La Poste,50.5038,2.4696
La Poste,45.849798,5.057299
La Poste,45.728499,4.87744
La Poste,48.878396,2.587446
La Poste,48.94833,2.037434
La Poste,48.80365,2.153591
La Poste,43.250956,6.536833
La Poste,48.562698,2.430449
La Poste,48.8628,2.1955
La Poste,48.9254,2.5222
La Poste,43.5457813,6.93849
La Poste,43.743,7.312849
La Poste,49.306045,6.103392
La Poste,50.639692,3.013507
La Poste,49.521996,0.111195
La Poste,48.5961,2.5819
La Poste,48.895673,-0.197508
La Poste,50.6725,3.219545
La Poste,47.252872,-1.557577
La Poste,43.612296,1.448276
La Poste,47.390091,0.686994
La Poste,51.0196,2.3873
La Poste,50.250197,3.918567
La Poste,45.8365357,4.615922
La Poste,47.2616732,-2.2564448
La Poste,43.7238,7.106928
La Poste,43.678088,7.220194
La Poste,48.725321,4.585428
La Poste,50.614797,3.012127
La Poste,43.3104,6.6373
La Poste,47.011291,0.083804
La Poste,48.674294,2.535145
La Poste,43.387943,5.229315
La Poste,43.285399,5.383617
La Poste,43.594192,6.927195
La Poste,49.154649,1.78678
La Poste,43.253083,5.423263
La Poste,45.646478,4.811558
La Poste,43.5573973,1.38092976
La Poste,47.787279,7.506637
La Poste,47.389798,0.71978
La Poste,49.377681,2.415328
La Poste,50.002495,2.648867
La Poste,49.413395,1.137385
La Poste,44.978095,-1.075981
La Poste,45.451998,4.381857
La Poste,43.838896,1.392567
La Poste,43.589398,1.378331
La Poste,46.100351,3.200717
La Poste,43.427856,6.433673
La Poste,43.67842,1.531316
La Poste,49.884692,2.321061
La Poste,47.585455,1.375875
La Poste,48.858238,1.43964
La Poste,48.040896,-1.705753
La Poste,45.056396,5.670094
La Poste,47.769793,7.304377
La Poste,49.006592,6.204347
La Poste,45.834992,4.846668
La Poste,45.195453,0.779654
La Poste,49.499837,5.732372
La Poste,48.978594,1.912153
La Poste,47.287096,5.063217
La Poste,43.405897,3.694638
La Poste,48.534493,-2.772092
La Poste,43.734126,7.418477
La Poste,47.438187,-1.50018
La Poste,47.148574,-1.533216
La Poste,43.598924,1.232174
La Poste,47.634251,7.478191
La Poste,49.145255,1.980181
La Poste,43.738531,7.425498
La Poste,44.905898,-0.668515
La Poste,47.86484,7.348735
La Poste,48.342155,7.307872
La Poste,47.261202,-1.663951
La Poste,50.418795,3.016207
La Poste,43.465274,5.352038
La Poste,48.561705,2.300515
La Poste,47.144042,2.216779
La Poste,43.376439,5.605462
La Poste,43.618,3.8975
La Poste,49.118898,6.876209
La Poste,47.192418,5.389532
La Poste,43.265918,-0.188135
La Poste,43.450824,4.429437
La Poste,43.780592,1.360123
La Poste,44.868299,-0.635608
La Poste,45.786595,4.924667
La Poste,43.3154,3.471992
La Poste,47.3420918,1.17826637
La Poste,50.551198,3.03052
La Poste,45.25714,4.705523
La Poste,47.3708,-1.1845
La Poste,49.309293,2.73081501
La Poste,46.784391,4.433529
La Poste,49.408739,2.249526
La Poste,47.1818484,5.80932284
La Poste,48.843068,2.066492
La Poste,49.4272,2.6407
La Poste,47.601933,2.02421
La Poste,45.877296,1.237849
La Poste,44.848293,-0.463662
La Poste,50.772399,3.045107
La Poste,48.871498,7.477481
La Poste,47.744695,7.398104
La Poste,47.737787,7.147046
La Poste,48.590652,3.555158
La Poste,50.458794,2.614367
La Poste,49.061191,6.161386
La Poste,49.475581,5.957239
La Poste,43.312264,3.416045
La Poste,49.369009,5.89289
La Poste,48.931396,2.497337
La Poste,48.068362,2.051818
La Poste,47.825843,1.696437
La Poste,49.249954,5.940994
La Poste,43.562396,3.951038
La Poste,45.739291,4.971139
La Poste,49.139112,2.809653
La Poste,43.595525,7.091238
La Poste,47.359297,-1.94459
La Poste,45.123093,4.986128
La Poste,49.095389,2.756257
La Poste,43.514892,1.495621
La Poste,43.660399,4.015169
La Poste,43.7274675,1.04814928
La Poste,45.807469,4.752498
La Poste,48.7881023,0.85144341
La Poste,47.28229,0.649953
La Poste,49.03771,1.581591
La Poste,47.1792532,-1.62052
La Poste,46.168194,6.319757
La Poste,43.753692,-1.326725
La Poste,43.726906,1.412238
La Poste,47.216839,-1.465488
La Poste,45.854996,4.680945
La Poste,47.7153993,1.61190964
La Poste,50.706491,1.593117
La Poste,47.926921,0.189587
La Poste,45.935294,4.715647
La Poste,43.706696,7.331168
La Poste,42.789821,3.034744
La Poste,43.58307,3.759576
La Poste,45.906295,6.133299
La Poste,49.318328,2.321183
La Poste,49.1181557,6.17556326
La Poste,49.528906,0.358275
La Poste,47.957894,7.303047
La Poste,47.893163,2.021764
La Poste,47.919626,1.829865
La Poste,43.642198,7.006242
La Poste,43.72813,7.41787
La Poste,49.325124,5.92646
La Poste,49.44153,6.354226
La Poste,47.726291,7.32128
La Poste,49.8606,2.239719
La Poste,43.575496,7.017529
La Poste,47.655753,7.45645
La Poste,48.1642,7.545007
La Poste,46.740215,-1.607599
La Poste,48.566996,2.17005
La Poste,47.0328735,2.65253835
La Poste,43.720358,1.298338
La Poste,48.980896,2.059259
La Poste,50.103929,3.543608
La Poste,43.294407,1.226534
Mondial Relay,45.49012,4.55114
Mondial Relay,48.94788,3.13298
Mondial Relay,43.49989,6.64485
Mondial Relay,48.52436,7.48618
Mondial Relay,45.825,1.22982
Mondial Relay,48.12589,-1.69088
Mondial Relay,43.32516,5.45396
Mondial Relay,47.38123,0.73408
Mondial Relay,48.80933,2.29623
Mondial Relay,47.04476,2.98793
Mondial Relay,44.12169,0.87766
Mondial Relay,48.68061,2.40146
Mondial Relay,45.59402,5.77721
Mondial Relay,50.6275,3.04419
Mondial Relay,43.95968,4.75894
Mondial Relay,47.02417,4.84242
Mondial Relay,43.70744,-1.02284
Mondial Relay,48.82538,2.34686
Mondial Relay,49.2032,-0.37913
Mondial Relay,48.84975,2.30849
Mondial Relay,44.41108,4.91769
Mondial Relay,43.62896,3.7668
Mondial Relay,48.70559,6.17631
Mondial Relay,45.7464,4.00301
Mondial Relay,47.65628,5.28871
Mondial Relay,43.25146,6.53305
Mondial Relay,49.03412,2.34297
Mondial Relay,48.80187,2.57449
Mondial Relay,48.5665,2.43488
Mondial Relay,48.81988,2.48217
Mondial Relay,44.24674,0.64243
Mondial Relay,45.45332,-0.43989
Mondial Relay,48.91829,2.40475
Mondial Relay,43.9591,4.72975
Mondial Relay,50.73302,1.62452
Mondial Relay,46.40157,0.72244
Mondial Relay,48.98137,1.91323
Mondial Relay,43.50129,6.1451
Mondial Relay,49.37016,1.38123
Mondial Relay,45.43787,4.39131
Mondial Relay,49.93933,1.62491
Mondial Relay,48.81403,2.1918
Mondial Relay,43.61812,7.12837
Mondial Relay,49.6967,4.87501
Mondial Relay,45.63952,4.84009
Mondial Relay,43.28133,5.44323
Mondial Relay,47.04723,-1.63709
Mondial Relay,47.96036,6.83366
Mondial Relay,48.84053,2.28618
Mondial Relay,48.08193,-1.83693
Mondial Relay,47.56575,1.37211
Mondial Relay,49.89169,2.29209
Mondial Relay,48.90489,2.49937
Mondial Relay,43.66024,6.92366
Mondial Relay,43.77564,2.18837
Mondial Relay,48.55171,3.29699
Mondial Relay,44.08739,3.05757
Mondial Relay,48.8525,2.40576
Mondial Relay,49.92964,1.10058
Mondial Relay,48.28357,-3.42307
Mondial Relay,49.91393,2.23385
Mondial Relay,48.63795,7.4381
Mondial Relay,48.65804,-4.17467
Mondial Relay,49.08234,2.07209
Mondial Relay,48.8638,2.40008
Mondial Relay,47.26673,-2.25373
Mondial Relay,46.72073,2.50418
Mondial Relay,49.01451,0.15376
Mondial Relay,43.57965,4.9999
Mondial Relay,48.66377,5.88723
Mondial Relay,47.42179,-0.57617
Mondial Relay,47.20222,-1.548
Mondial Relay,45.58692,5.19275
Mondial Relay,45.34574,4.80257
Mondial Relay,45.47698,4.5125
Mondial Relay,48.58021,-3.86657
Mondial Relay,48.83049,2.37757
Mondial Relay,44.82793,-0.11422
Mondial Relay,49.04337,3.95227
Mondial Relay,43.64157,7.13307
Mondial Relay,44.92611,-0.48894
Mondial Relay,43.253,2.99608
Mondial Relay,49.30007,2.63964
Mondial Relay,41.90719,8.82298
Mondial Relay,48.87614,2.41753
Mondial Relay,48.99897,1.68412
Mondial Relay,46.23225,-0.58395
Mondial Relay,45.02624,-0.45391
Mondial Relay,49.69778,4.42056
Mondial Relay,48.94044,2.47106
Mondial Relay,44.47454,4.68809
Mondial Relay,48.64381,2.40829
Mondial Relay,48.97518,2.33638
Mondial Relay,49.40514,6.2431
Mondial Relay,48.86159,2.38298
Mondial Relay,43.28415,5.54544
Mondial Relay,48.89163,2.40405
Mondial Relay,49.25119,3.91029
Mondial Relay,48.78661,2.30127
Mondial Relay,50.25125,3.91898
Mondial Relay,48.81433,2.28637
Mondial Relay,47.18734,-1.68736
Mondial Relay,48.84895,2.55658
Mondial Relay,48.83457,2.28852
Mondial Relay,43.60807,3.88697
Mondial Relay,47.35535,-0.85746
Mondial Relay,49.23339,1.22094
Mondial Relay,43.55294,6.95669
Mondial Relay,48.91423,2.39213
Mondial Relay,48.2424,-1.56276
Mondial Relay,49.03044,1.15296
Mondial Relay,45.33538,3.85297
Mondial Relay,48.94373,2.2281
Mondial Relay,48.95413,1.86062
Mondial Relay,50.0471,3.32498
Mondial Relay,48.4757,2.554
Mondial Relay,47.27406,-2.21467
Mondial Relay,50.17386,3.21451
Mondial Relay,48.89148,2.35967
Mondial Relay,48.84291,2.30676
Mondial Relay,45.52291,4.54145
Mondial Relay,43.29764,5.37663
Mondial Relay,44.72051,-1.07197
Mondial Relay,50.51033,1.6534
Mondial Relay,48.83078,2.31731
Mondial Relay,48.22211,3.73208
Mondial Relay,44.66337,-0.352
Mondial Relay,48.30588,4.09158
Mondial Relay,44.32921,-0.16057
Mondial Relay,43.70629,4.26894
Mondial Relay,43.56959,6.4962
Mondial Relay,47.21458,-1.55977
Mondial Relay,47.08569,2.40174
Mondial Relay,48.60071,0.16665
Mondial Relay,48.81076,2.31495
Mondial Relay,48.83648,2.28377
Mondial Relay,48.74482,2.2944
Mondial Relay,48.40535,-1.26311
Mondial Relay,48.81169,-3.29626
Mondial Relay,43.67343,4.63877
Mondial Relay,43.59864,3.8628
Mondial Relay,45.48364,4.53421
Mondial Relay,48.75027,-3.44984
Mondial Relay,48.19948,-4.0908
Mondial Relay,45.28905,-0.40369
Mondial Relay,48.68029,2.34205
Mondial Relay,43.86555,-0.48841
Mondial Relay,49.18602,-1.4078
Mondial Relay,48.97687,1.70576
Mondial Relay,45.53257,5.58692
Mondial Relay,48.60828,7.76433
Mondial Relay,49.27683,2.28073
Mondial Relay,45.75258,5.1958
Mondial Relay,49.05561,7.43257
Mondial Relay,48.88284,2.34517
Mondial Relay,48.18798,3.24646
Mondial Relay,47.7706,7.32714
Mondial Relay,43.45508,4.94371
Mondial Relay,43.73649,7.30796
Mondial Relay,48.86847,2.35786
Mondial Relay,45.77977,4.83444
Mondial Relay,50.68473,3.15841
Mondial Relay,50.62987,3.09896
Mondial Relay,45.67341,0.12572
Mondial Relay,50.35982,3.48015
Mondial Relay,45.64975,0.15588
Mondial Relay,50.45337,3.59035
Mondial Relay,49.39781,2.79633
Mondial Relay,46.7951,1.69459
Mondial Relay,43.78001,-0.43708
Mondial Relay,46.66894,-1.43301
Mondial Relay,45.68986,-0.35139
Mondial Relay,47.43743,4.78419
Mondial Relay,43.38116,0.83594
Mondial Relay,44.70718,-0.40142
Mondial Relay,48.78839,2.36611
Mondial Relay,48.57495,7.7923
Mondial Relay,49.09921,1.48899
Mondial Relay,49.33021,6.0631
Mondial Relay,49.08108,0.77851
Mondial Relay,45.82621,5.06398
Mondial Relay,45.99635,6.12406
Mondial Relay,49.40347,1.10099
Mondial Relay,50.62967,3.02424
Mondial Relay,45.18706,1.50773
Mondial Relay,48.80707,2.59046
Mondial Relay,48.74281,6.14734
Mondial Relay,48.88402,2.38425
Mondial Relay,49.57708,4.49399
Mondial Relay,48.25581,-1.51571
Mondial Relay,48.85029,2.39227
Mondial Relay,46.93763,-1.88653
Mondial Relay,43.33023,5.13952
Mondial Relay,45.07043,4.83698
Mondial Relay,48.86374,2.40395
Mondial Relay,47.00111,3.17892
Mondial Relay,48.43777,1.51736
Mondial Relay,48.3818,-2.08929
Mondial Relay,48.89832,2.33726
Mondial Relay,49.24783,4.00908
Mondial Relay,45.77872,3.0877
Mondial Relay,46.64797,-1.43462
Mondial Relay,43.32184,5.408
Mondial Relay,43.45068,4.93709
Mondial Relay,48.4932,2.19187
Mondial Relay,47.66806,0.3141
Mondial Relay,48.70864,6.18492
Mondial Relay,47.51509,6.83175
Mondial Relay,47.71321,7.09418
Mondial Relay,43.75854,7.47278
Mondial Relay,43.6636,0.61313
Mondial Relay,48.27327,4.08548
Mondial Relay,45.80355,0.14024
Mondial Relay,46.74156,-0.84554
Mondial Relay,48.61509,2.30492
Mondial Relay,48.8116,2.19242
Mondial Relay,43.57527,7.01684
Mondial Relay,43.75876,4.51793
Mondial Relay,49.70105,2.94196
Mondial Relay,48.37365,4.73213
Mondial Relay,48.84568,2.38449
Mondial Relay,49.75069,3.77434
Mondial Relay,48.00356,-4.10959
Mondial Relay,48.85914,2.90283
Mondial Relay,43.32198,-0.75983
Mondial Relay,45.60369,-0.91276
Mondial Relay,50.33634,3.57878
Mondial Relay,45.42631,4.06437
Mondial Relay,48.892,2.32205
Mondial Relay,47.97487,4.49306
Mondial Relay,48.47174,1.01365
Mondial Relay,50.29675,2.76847
Mondial Relay,48.90282,2.27184
Mondial Relay,45.79261,3.07912
Mondial Relay,43.29679,3.46922
Mondial Relay,49.18968,6.69309
Mondial Relay,45.73939,4.84055
Mondial Relay,49.57897,3.00382
Mondial Relay,43.10211,5.88054
Mondial Relay,49.09243,1.48676
Mondial Relay,49.7792,4.69392
Mondial Relay,48.82764,-3.51602
Mondial Relay,43.53914,6.46498
Mondial Relay,47.88639,-3.01551
Mondial Relay,48.52135,-3.71421
Mondial Relay,47.7478,7.34735
Mondial Relay,48.69745,2.18329
Mondial Relay,48.78892,2.3188
Mondial Relay,43.3235,5.36468
Mondial Relay,47.0651,5.45385
Mondial Relay,45.61474,-0.32863
Mondial Relay,43.13014,5.97113
Mondial Relay,48.52549,7.71026
Mondial Relay,43.92799,4.87668
Mondial Relay,46.64673,-0.24947
Mondial Relay,48.96932,2.38303
Mondial Relay,48.74881,1.92325
Mondial Relay,44.4606,1.48271
Mondial Relay,43.30335,5.36643
Mondial Relay,48.94845,2.25541
Mondial Relay,48.40719,7.45079
Mondial Relay,43.86479,-0.58977
Mondial Relay,45.75706,4.81601
Mondial Relay,45.4442,4.36364
Mondial Relay,48.93388,2.32883
Mondial Relay,48.86024,7.32065
Mondial Relay,43.95596,3.87028
Mondial Relay,50.46782,2.99368
Mondial Relay,48.66007,2.41477
Mondial Relay,49.49317,0.09763
Mondial Relay,47.86464,-2.44867
Mondial Relay,50.73128,1.70781
Mondial Relay,44.88192,-0.61142
Mondial Relay,48.24214,-3.29598
Mondial Relay,43.20875,2.37005
Mondial Relay,45.98253,4.71775
Mondial Relay,43.55385,1.53247
Mondial Relay,47.56881,2.30551
Mondial Relay,48.05795,4.53636
Mondial Relay,48.80511,2.61482
Mondial Relay,47.68823,1.0168
Mondial Relay,49.91473,1.07275
Mondial Relay,43.48686,5.23005
Mondial Relay,49.00791,2.38973
Mondial Relay,48.74096,2.28138
Mondial Relay,44.02645,4.07942
Mondial Relay,45.64571,3.23074
Mondial Relay,48.46891,6.13876
Mondial Relay,47.33251,1.06079
Mondial Relay,48.10541,-1.67814
Mondial Relay,43.84571,4.34542
Mondial Relay,46.13343,-1.09779
Mondial Relay,45.18833,5.71184
Mondial Relay,48.11223,5.14048
Mondial Relay,48.90974,2.39075
Mondial Relay,48.97812,0.78612
Mondial Relay,48.56286,2.60187
Mondial Relay,43.24497,6.00053
Mondial Relay,47.23444,-1.53499
Mondial Relay,43.52662,4.95484
Mondial Relay,45.6946,-0.34741
Mondial Relay,48.00885,2.73883
Mondial Relay,45.67037,5.14488
Mondial Relay,43.28866,5.39334
Mondial Relay,48.88745,2.39207
Mondial Relay,48.86486,2.20473
Mondial Relay,45.69687,5.20451
Mondial Relay,48.96363,4.35631
Mondial Relay,42.69065,2.90078
Mondial Relay,44.4844,4.69015
Mondial Relay,44.84492,-0.61007
Mondial Relay,48.90847,2.3992
Mondial Relay,47.26042,4.97906
Mondial Relay,43.46291,-1.51921
Mondial Relay,43.67431,1.57738
Mondial Relay,44.56455,6.10085
Mondial Relay,49.79078,4.49814
Mondial Relay,47.99674,-4.02651
Mondial Relay,47.84433,3.55309
Mondial Relay,48.86971,2.36223
Mondial Relay,44.41294,4.14634
Mondial Relay,50.68214,2.71879
Mondial Relay,49.7991,1.10391
Mondial Relay,47.38014,-0.11126
Mondial Relay,48.16028,3.26185
Mondial Relay,48.52339,-1.32411
Mondial Relay,41.93005,8.73731
Mondial Relay,48.44057,2.45951
Mondial Relay,48.92921,2.55383
Mondial Relay,41.9351,8.74726
Mondial Relay,50.70227,1.60632
Mondial Relay,43.70188,7.28143
Mondial Relay,43.61289,3.80882
Mondial Relay,50.35146,2.59179
Mondial Relay,47.8716,-0.09737
Mondial Relay,44.89995,-0.2131
Mondial Relay,45.05801,5.77067
Mondial Relay,50.99832,2.23863
Mondial Relay,46.05119,3.92505
Mondial Relay,46.79327,4.4456
Mondial Relay,42.70421,9.45123
Mondial Relay,46.56758,0.3657
Mondial Relay,45.90382,5.3481
Mondial Relay,45.0647,5.75828
Mondial Relay,49.28641,1.00897
Mondial Relay,48.52641,2.64689
Mondial Relay,45.82752,-1.09571
Mondial Relay,48.88405,2.51052
Mondial Relay,44.48273,4.25597
Mondial Relay,47.88466,7.22811
Mondial Relay,50.58448,2.40858
Mondial Relay,48.8561,2.74436
Mondial Relay,48.82689,2.35733
Mondial Relay,49.43477,1.10497
Mondial Relay,48.52595,2.6822
Mondial Relay,48.8553,2.38753
Mondial Relay,48.87199,2.37147
Mondial Relay,47.47173,2.92895
Mondial Relay,49.04908,2.09827
Mondial Relay,47.25759,6.02085
Mondial Relay,48.54193,6.13981
Mondial Relay,47.63453,6.15575
Mondial Relay,48.10568,-1.66527
Mondial Relay,48.62956,-3.30032
Mondial Relay,43.91569,1.37238
Mondial Relay,45.89512,0.01017
Mondial Relay,50.57452,2.743
Mondial Relay,45.99221,4.06467
Mondial Relay,44.02549,1.35683
Mondial Relay,50.36577,3.07866
Mondial Relay,44.32347,-0.57183
Mondial Relay,47.81362,-0.08477
Mondial Relay,50.1304,3.42606
Mondial Relay,48.85439,2.62439
Mondial Relay,50.28903,2.74731
Mondial Relay,50.48716,2.81202
Mondial Relay,48.59959,-2.28757
Mondial Relay,44.0498,2.15527
Mondial Relay,48.90645,1.27518
Mondial Relay,41.92358,8.82447
Mondial Relay,49.29827,4.31742
Mondial Relay,43.72069,4.32062
Mondial Relay,49.65872,3.30962
Mondial Relay,43.64061,6.90906
Mondial Relay,43.1824,5.71209
Mondial Relay,48.38685,2.96089
Mondial Relay,47.27373,-2.44172
Mondial Relay,43.43125,5.54449
Mondial Relay,45.59538,5.26706
Mondial Relay,43.83973,4.31743
Mondial Relay,45.85262,1.25918
Mondial Relay,43.19999,1.0114
Mondial Relay,43.61617,3.1551
Mondial Relay,44.64364,4.87353
Mondial Relay,48.0853,6.04635
Mondial Relay,43.57428,7.05658
Mondial Relay,43.94065,4.89771
Mondial Relay,43.83577,5.97603
Mondial Relay,48.77524,-3.22871
Mondial Relay,47.45365,-0.46725
Mondial Relay,43.92839,-0.64067
Mondial Relay,47.42629,0.98542
Mondial Relay,50.92634,1.86803
Mondial Relay,49.00514,3.55674
Mondial Relay,49.54835,1.85328
Mondial Relay,47.26979,-0.50391
Mondial Relay,43.4564,2.00271
Mondial Relay,47.15623,1.20089
Mondial Relay,49.25903,-0.463
Mondial Relay,45.44514,-0.43813
Mondial Relay,44.09134,6.23422
Mondial Relay,43.23518,0.06817
Mondial Relay,47.93004,2.14008
Mondial Relay,48.12401,-1.20989
Mondial Relay,47.36166,0.70724
Mondial Relay,49.17904,-0.36627
Mondial Relay,43.606,3.88643
Mondial Relay,49.70171,4.94418
Mondial Relay,49.16804,-0.31859
Mondial Relay,50.52437,3.28269
Mondial Relay,44.87379,1.23064
Mondial Relay,49.32676,-0.46031
Mondial Relay,43.09439,-0.04534
Mondial Relay,46.43385,4.27506
Mondial Relay,43.446,3.75609
Mondial Relay,50.39066,3.16238
Mondial Relay,47.48515,-0.54557
Mondial Relay,42.67068,2.83143
Mondial Relay,47.88453,6.27374
Mondial Relay,48.7043,6.24432
Mondial Relay,46.48642,-1.74979
Mondial Relay,43.6094,1.33045
Mondial Relay,49.51811,0.09581
Mondial Relay,46.48245,-0.5995
Mondial Relay,43.1162,0.4343
Mondial Relay,43.60684,5.75676
Mondial Relay,45.27164,4.8861
Mondial Relay,49.23126,-0.04379
Mondial Relay,49.64693,0.36596
Mondial Relay,49.17525,-0.62595
Mondial Relay,47.84112,-4.28443
Mondial Relay,45.99091,0.41149
Mondial Relay,45.64615,0.13995
Mondial Relay,49.91036,2.32785
Mondial Relay,43.6912,1.5166
Mondial Relay,47.67704,-2.29695
Mondial Relay,44.28276,4.74733
Mondial Relay,44.90521,1.20781
Mondial Relay,44.8329,0.70438
Mondial Relay,44.80712,-0.57325
Mondial Relay,43.63584,0.58271
Mondial Relay,43.39322,-1.45647
Mondial Relay,47.66451,-3.00202
Mondial Relay,45.63237,4.45622
Mondial Relay,51.01641,2.38029
Mondial Relay,43.03141,1.02157
Mondial Relay,46.11414,-0.93713
Mondial Relay,44.11304,4.09672
Mondial Relay,47.35148,6.358
Mondial Relay,43.24337,-0.01151
Mondial Relay,46.6149,4.66289
Mondial Relay,47.81121,-3.63033
Mondial Relay,47.87985,-3.55439
Mondial Relay,45.05754,4.84025
Mondial Relay,46.60824,-1.66239
Mondial Relay,48.54358,-2.9679
Mondial Relay,47.21685,2.10207
Mondial Relay,45.81907,1.23453
Mondial Relay,48.87762,2.35014
Mondial Relay,49.12752,2.37038
Mondial Relay,47.4687,-0.4935
Mondial Relay,49.61101,3.21975
Mondial Relay,45.78665,3.27898
Mondial Relay,48.939,7.08646
Mondial Relay,47.71511,-3.33324
Mondial Relay,48.00569,-2.09031
Mondial Relay,49.57299,1.38146
Mondial Relay,50.93841,1.864
Mondial Relay,43.65683,-0.08168
Mondial Relay,48.76053,5.18901
Mondial Relay,49.18651,6.89529
Mondial Relay,47.13179,6.52697
Mondial Relay,46.52265,6.02037
Mondial Relay,47.88687,7.53946
Mondial Relay,49.05123,6.93086
Mondial Relay,48.53858,7.45678
Mondial Relay,46.22209,-0.14338
Mondial Relay,49.42971,2.03729
Mondial Relay,50.45417,3.03034
Mondial Relay,48.40427,2.72076
Mondial Relay,48.87011,2.38925
Mondial Relay,44.94475,4.84212
Mondial Relay,51.0334,2.40208
Mondial Relay,44.27977,2.72894
Mondial Relay,49.08026,-0.65887
Mondial Relay,46.99811,2.25637
Mondial Relay,49.19415,6.92546
Mondial Relay,43.69427,5.02947
Mondial Relay,43.12702,5.94235
Mondial Relay,44.4602,6.0531
Mondial Relay,46.97497,-2.24421
Mondial Relay,45.94492,-0.52294
Mondial Relay,46.40049,6.58986
Mondial Relay,46.97276,0.60566
Mondial Relay,46.81845,0.52624
Mondial Relay,43.53261,5.45362
Mondial Relay,48.08124,7.38883
Mondial Relay,43.10827,0.72534
Mondial Relay,43.67712,4.12107
Mondial Relay,50.4946,2.56942
Mondial Relay,44.55519,6.07449
Mondial Relay,47.64663,0.15657
Mondial Relay,45.20184,0.66541
Mondial Relay,49.86677,2.5164
Mondial Relay,50.37158,3.50273
Mondial Relay,50.64468,2.72192
Mondial Relay,49.35749,6.14756
Mondial Relay,48.36605,1.32917
Mondial Relay,43.87585,5.39905
Mondial Relay,47.91301,-1.37901
Mondial Relay,46.30497,4.8279
Mondial Relay,44.67626,0.18072
Mondial Relay,44.85371,3.00399
Mondial Relay,47.24419,6.17829
Mondial Relay,44.95753,3.54239
Mondial Relay,48.33026,0.80208
Mondial Relay,46.53105,-1.77422
Mondial Relay,43.12176,5.8195
Mondial Relay,48.57658,1.23642
Mondial Relay,47.26769,0.8364
Mondial Relay,43.14125,6.3588
Mondial Relay,47.77106,-2.13038
Mondial Relay,42.87457,2.18534
Mondial Relay,43.24415,2.11576
Mondial Relay,43.06548,0.14853
Mondial Relay,43.4875,2.76707
Mondial Relay,44.73822,1.38797
Mondial Relay,45.30761,-0.94131
Mondial Relay,49.50347,4.36072
Mondial Relay,46.82812,-1.87588
Mondial Relay,45.39599,6.26834
Mondial Relay,47.61562,6.14142
Mondial Relay,48.62318,-1.99153
Mondial Relay,44.69248,-0.08595
Mondial Relay,46.58064,1.98627
Mondial Relay,43.65671,1.66146
Mondial Relay,45.14163,1.06664
Mondial Relay,50.40835,1.59209
Mondial Relay,45.82441,3.38276
Mondial Relay,44.80467,4.61562
Mondial Relay,47.28348,6.07952
Mondial Relay,48.5599,3.3
Mondial Relay,49.86323,4.35912
Mondial Relay,50.16807,3.23107
Mondial Relay,50.80763,1.70229
Mondial Relay,50.71048,2.93251
Mondial Relay,49.24895,1.44366
Mondial Relay,48.60153,7.65176
Mondial Relay,49.27654,1.76021
Mondial Relay,48.72402,1.37075
Mondial Relay,45.60022,-0.05447
Mondial Relay,44.30701,-0.77951
Mondial Relay,42.67968,2.93998
Mondial Relay,46.35316,2.58998
Mondial Relay,46.57621,5.95368
Mondial Relay,45.24279,4.23301
Mondial Relay,44.87972,-0.5174
Mondial Relay,43.8235,5.78757
Mondial Relay,44.6339,-1.15187
Mondial Relay,43.45456,5.46738
Mondial Relay,43.3238,5.47713
Mondial Relay,48.17282,-2.75115
Mondial Relay,47.82858,0.27292
Mondial Relay,45.84515,4.83174
Mondial Relay,45.41388,0.91934
Mondial Relay,45.00935,0.16677
Mondial Relay,50.71,2.11507
Mondial Relay,45.05014,3.87668
Mondial Relay,50.61505,3.1143
Mondial Relay,47.29604,-1.39296
Mondial Relay,48.96946,2.41284
Mondial Relay,48.44924,1.49306
Mondial Relay,49.492,5.18876
Mondial Relay,45.04014,-0.55746
Mondial Relay,44.91735,-0.42988
Mondial Relay,50.69346,3.18459
Mondial Relay,45.16279,5.74353
Mondial Relay,48.85647,2.42377
Mondial Relay,44.99254,-0.20523
Mondial Relay,43.76901,3.85779
Mondial Relay,49.92826,2.93989
Mondial Relay,42.7054,3.00635
Mondial Relay,47.99951,5.49593
Mondial Relay,49.96541,1.9419
Mondial Relay,45.11454,4.29117
Mondial Relay,43.4132,3.68022
Mondial Relay,44.50348,1.1796
Mondial Relay,46.46527,-1.61359
Mondial Relay,48.69734,7.78407
Mondial Relay,43.22902,2.84851
Mondial Relay,44.55525,-0.24664
Mondial Relay,42.31993,9.53993
Mondial Relay,46.83489,0.54128
Mondial Relay,48.96576,4.31573
Mondial Relay,43.45181,5.86079
Mondial Relay,48.73319,-0.03243
Mondial Relay,45.84222,2.75834
Mondial Relay,50.68522,2.88182
Mondial Relay,48.34586,6.63488
Mondial Relay,44.90186,6.64591
Mondial Relay,43.28014,2.09311
Mondial Relay,45.05599,1.67226
Mondial Relay,47.12316,2.35794
Mondial Relay,48.27676,-3.58229
Mondial Relay,43.64667,1.97995
Mondial Relay,48.23623,3.55884
Mondial Relay,46.33518,6.0603
Mondial Relay,46.00809,1.17364
Mondial Relay,46.12123,1.04909
Mondial Relay,48.04487,-1.51396
Mondial Relay,45.15018,0.52911
Mondial Relay,48.84677,-0.88745
Mondial Relay,45.19242,6.65479
Mondial Relay,49.40933,3.51701
Mondial Relay,49.04395,6.59907
Mondial Relay,49.28376,4.11008
Mondial Relay,44.85416,-0.04255
Mondial Relay,46.72392,-0.58808
Mondial Relay,50.19643,3.37777
Mondial Relay,47.52902,3.07407
Mondial Relay,47.5319,6.80853
Mondial Relay,49.10614,-1.13776
Mondial Relay,48.45241,-4.46678
Mondial Relay,50.29714,4.10201
Mondial Relay,47.68429,2.63212
Mondial Relay,45.81654,1.17426
Mondial Relay,43.8889,4.77903
Mondial Relay,44.80308,3.27564
Mondial Relay,48.95076,2.38571
Mondial Relay,46.57576,3.31978
Mondial Relay,43.30068,5.38392
Mondial Relay,43.46502,4.94029
Mondial Relay,42.97326,1.86695
Mondial Relay,43.60127,7.1224
Mondial Relay,47.9992,0.19969
Mondial Relay,46.16798,1.87401
Mondial Relay,45.8818,6.32654
Mondial Relay,50.27111,1.67124
Mondial Relay,44.7298,5.01672
Mondial Relay,49.16431,5.40873
Mondial Relay,47.52422,-1.18621
Mondial Relay,44.84527,0.90999
Mondial Relay,45.83117,4.01243
Mondial Relay,46.5473,2.34595
Mondial Relay,45.36644,1.71445
Mondial Relay,43.47793,5.53751
Mondial Relay,48.52923,2.52423
Mondial Relay,50.27807,2.29048
Mondial Relay,46.81463,4.85742
Mondial Relay,47.88659,-2.83501
Mondial Relay,44.261,4.19857
Mondial Relay,45.03829,0.35403
Mondial Relay,48.8485,2.47323
Mondial Relay,48.89329,2.4347
Mondial Relay,47.01217,0.32258
Mondial Relay,48.98217,2.44294
Mondial Relay,44.63734,0.74285
Mondial Relay,44.72837,1.92584
Mondial Relay,44.12054,1.12221
Mondial Relay,43.09324,-0.0484
Mondial Relay,47.01279,3.08167
Mondial Relay,47.62163,-1.37258
Mondial Relay,49.50879,-1.46849
Mondial Relay,43.2325,-0.38821
Mondial Relay,45.41503,1.59571
Mondial Relay,46.76289,1.71891
Mondial Relay,49.2491,0.96432
Mondial Relay,45.98011,5.21713
Mondial Relay,43.19592,0.0291
Mondial Relay,43.91747,5.91886
Mondial Relay,47.24755,6.00026
Mondial Relay,44.38116,2.82366
Mondial Relay,47.99187,3.61716
Mondial Relay,46.3672,2.57538
Mondial Relay,46.85725,2.3175
Mondial Relay,47.34903,-0.7589
Mondial Relay,46.69763,-1.7599
Mondial Relay,43.83366,-0.81142
Mondial Relay,43.88156,0.98581
Mondial Relay,50.51695,2.54308
Mondial Relay,47.67326,-2.06852
Mondial Relay,44.9178,4.91308
Mondial Relay,41.91496,9.38905
Mondial Relay,49.62265,0.78955
Mondial Relay,48.21226,-1.51439
Mondial Relay,47.39675,4.54196
Mondial Relay,45.76942,4.85732
Mondial Relay,45.95931,3.47442
Mondial Relay,48.31403,4.04614
Mondial Relay,43.08562,0.56727
Mondial Relay,44.05853,0.65113
Mondial Relay,47.52595,6.82773
Mondial Relay,50.80694,2.57252
Mondial Relay,47.24891,6.03068
Mondial Relay,46.68062,-1.04782
Mondial Relay,48.83969,2.33848
Mondial Relay,43.55939,6.25032
Mondial Relay,47.83448,1.93119
Mondial Relay,48.04124,7.15507
Mondial Relay,43.20609,2.43537
Mondial Relay,43.34583,-1.76223
Mondial Relay,47.82089,7.08348
Mondial Relay,48.71861,3.72446
Mondial Relay,43.29546,-0.37288
Mondial Relay,48.52762,2.37357
Mondial Relay,43.38362,-1.30504
Mondial Relay,46.33879,2.6035
Mondial Relay,47.03848,4.83525
Mondial Relay,47.2264,-2.1706
Mondial Relay,46.69506,-1.93369
Mondial Relay,44.21258,4.03041
Mondial Relay,46.85745,6.15847
Mondial Relay,47.74684,7.34032
Mondial Relay,43.88327,4.85433
Mondial Relay,48.63488,-1.89935
Mondial Relay,47.8252,-1.84243
Mondial Relay,47.97723,3.39343
Mondial Relay,47.54597,-0.11022
Mondial Relay,42.99914,-0.09601
Mondial Relay,47.79059,-3.48851
Mondial Relay,49.39545,6.27879
Mondial Relay,49.55011,0.49279
Mondial Relay,41.94979,8.77036
Mondial Relay,47.67302,6.51259
Mondial Relay,45.58279,-0.83371
Mondial Relay,49.21391,4.05093
Mondial Relay,45.06065,4.30146
Mondial Relay,49.66507,-1.69427
Mondial Relay,49.8877,4.73613
Mondial Relay,43.62333,1.42667
Mondial Relay,49.021,2.23092
Mondial Relay,46.2445,5.13881
Mondial Relay,49.17562,-0.37767
Mondial Relay,48.98907,2.25845
Mondial Relay,49.1567,5.88291
Mondial Relay,48.64067,6.18354
Mondial Relay,46.7957,-1.89805
Mondial Relay,46.65984,4.35176
Mondial Relay,48.93131,2.49476
Mondial Relay,42.76965,2.8742
Mondial Relay,43.32426,-0.44086
Mondial Relay,48.82316,2.34682
Mondial Relay,49.82855,0.91167
Mondial Relay,47.61551,-0.46358
Mondial Relay,48.05373,-2.95831
Mondial Relay,43.10501,5.86977
Mondial Relay,44.7114,-1.05485
Mondial Relay,45.18147,3.91551
Mondial Relay,49.30729,3.67838
Mondial Relay,48.89765,4.01082
Mondial Relay,43.62675,0.87575
Mondial Relay,49.62008,0.76243
Mondial Relay,43.10276,1.65011
Mondial Relay,47.33134,0.66408
Mondial Relay,47.08464,-1.26111
Mondial Relay,48.56723,2.61335
Mondial Relay,50.62148,2.54402
Mondial Relay,46.16516,-1.18604
Mondial Relay,47.05562,-1.72658
Mondial Relay,43.3405,5.97502
Mondial Relay,48.58715,7.76082
Mondial Relay,43.54522,6.93762
Mondial Relay,47.9734,0.15853
Mondial Relay,51.03076,2.37633
Mondial Relay,47.92379,0.1524
Mondial Relay,49.06277,-1.43674
Mondial Relay,48.88891,2.34302
Mondial Relay,47.27838,3.49137
Mondial Relay,47.18553,5.39905
Mondial Relay,48.74124,7.3629
Mondial Relay,43.53155,3.86308
Mondial Relay,44.61537,4.40152
Mondial Relay,48.69814,2.33531
Mondial Relay,43.69918,1.82069
Mondial Relay,48.89053,2.40282
Mondial Relay,43.30969,3.4955
Mondial Relay,48.86836,2.53385
Mondial Relay,47.48811,3.91684
Mondial Relay,48.54237,2.64063
Mondial Relay,49.30498,1.02739
Mondial Relay,47.72396,1.94122
Mondial Relay,43.422,5.20408
Mondial Relay,48.81192,7.79644
Mondial Relay,46.3867,4.9161
Mondial Relay,44.74679,4.67352
Mondial Relay,48.84639,2.40153
Mondial Relay,50.18552,3.49485
Mondial Relay,49.40546,3.11527
Mondial Relay,49.16661,6.96689
Mondial Relay,47.44815,6.83616
Mondial Relay,49.74081,2.15174
Mondial Relay,49.35551,0.81859
Mondial Relay,45.52242,4.21271
Mondial Relay,47.49179,6.66477
Mondial Relay,49.41931,0.23217
Mondial Relay,45.27424,0.91772
Mondial Relay,46.73018,0.30605
Mondial Relay,45.39284,1.37724
Mondial Relay,44.137,4.80665
Mondial Relay,48.86529,2.51014
Mondial Relay,47.06476,-0.8705
Mondial Relay,47.61803,1.36653
Mondial Relay,49.42555,1.05894
Mondial Relay,49.73148,1.44087
Mondial Relay,50.44952,3.59432
Mondial Relay,46.94162,2.00144
Mondial Relay,47.80554,5.43763
Mondial Relay,45.8889,0.90418
Mondial Relay,50.52628,1.62729
Mondial Relay,45.33184,5.4859
Mondial Relay,48.59421,6.33275
Mondial Relay,44.01672,1.34725
Mondial Relay,48.97772,2.00661
Mondial Relay,48.45644,-2.0505
Mondial Relay,45.28674,4.7291
Mondial Relay,48.26045,-1.39756
Mondial Relay,45.57093,6.15553
Mondial Relay,48.15469,-1.58078
Mondial Relay,41.67609,8.90481
Mondial Relay,47.70616,-1.3911
Mondial Relay,47.67175,-0.24731
Mondial Relay,50.64229,3.08668
Mondial Relay,48.60981,7.74462
Mondial Relay,48.76237,2.03412
Mondial Relay,44.53004,3.5243
Mondial Relay,46.82645,-0.13805
Mondial Relay,49.41605,2.94072
Mondial Relay,48.51013,-4.07
Mondial Relay,48.94969,4.90107
Mondial Relay,48.79062,5.54629
Mondial Relay,47.4236,-0.52431
Mondial Relay,47.59865,6.86187
Mondial Relay,49.00034,1.63414
Mondial Relay,46.30282,4.8185
Mondial Relay,42.70899,2.84456
Mondial Relay,45.24012,4.67301
Mondial Relay,50.44434,2.64668
Mondial Relay,46.37991,3.59462
Mondial Relay,50.70392,3.19749
Mondial Relay,44.84748,0.49296
Mondial Relay,49.44625,1.06536
Mondial Relay,47.10354,5.88428
Mondial Relay,43.72396,7.10698
Mondial Relay,45.18551,5.74908
Mondial Relay,45.69544,-0.32839
Mondial Relay,49.51241,0.17477
Mondial Relay,51.02749,2.42827
Mondial Relay,46.1616,-1.15062
Mondial Relay,48.89314,2.34872
Mondial Relay,43.24337,5.36956
Mondial Relay,42.1172,9.51079
Mondial Relay,47.19043,-1.54706
Mondial Relay,43.70616,7.28336
Mondial Relay,50.58183,3.04367
Mondial Relay,46.49417,-1.76033
Mondial Relay,48.97414,1.68722
Mondial Relay,43.95926,4.76032
Mondial Relay,49.75801,0.37714
Mondial Relay,46.15757,2.8371
Mondial Relay,48.92115,2.27865
Mondial Relay,46.73503,2.49263
Mondial Relay,47.00785,-0.74564
Mondial Relay,42.75824,2.95596
Mondial Relay,42.94289,2.2559
Mondial Relay,48.51486,7.7225
Mondial Relay,50.40766,1.72524
Mondial Relay,50.24536,4.15187
Mondial Relay,48.98713,1.71733
Mondial Relay,47.80389,7.3132
Mondial Relay,45.19254,0.70718
Mondial Relay,45.70921,1.59894
Mondial Relay,50.20335,3.822
Mondial Relay,49.84996,1.5701
Mondial Relay,43.62861,1.46883
Mondial Relay,46.13549,1.26727
Mondial Relay,48.17634,-0.78476
Mondial Relay,47.32336,5.032
Mondial Relay,45.63746,0.20819
Mondial Relay,48.47121,2.28323
Mondial Relay,45.1628,1.56324
Mondial Relay,43.12026,5.93308
Mondial Relay,48.42727,0.08881
Mondial Relay,43.48875,-0.77314
Mondial Relay,43.10972,6.12363
Mondial Relay,45.27005,1.76967
Mondial Relay,49.91358,1.09139
Mondial Relay,44.5467,6.48173
Mondial Relay,45.79924,1.10987
Mondial Relay,48.59906,7.79012
Mondial Relay,48.11776,-1.68543
Mondial Relay,45.83628,4.71495
Mondial Relay,43.52738,-1.39151
Mondial Relay,43.09966,5.888
Mondial Relay,45.14047,0.80388
Mondial Relay,44.94813,-0.60067
Mondial Relay,43.67599,4.43091
Mondial Relay,45.24711,1.77201
Mondial Relay,43.68064,3.92098
Mondial Relay,47.74541,-3.37315
Mondial Relay,43.37955,1.28267
Mondial Relay,48.83533,2.32328
Mondial Relay,50.88573,2.43166
Mondial Relay,47.08262,5.49744
Mondial Relay,50.6266,3.11048
Mondial Relay,47.40935,5.81598
Mondial Relay,46.58944,0.34003
Mondial Relay,45.8961,4.43668
Mondial Relay,43.6719,7.20694
Mondial Relay,44.46719,1.42662
Mondial Relay,47.12242,-0.78843
Mondial Relay,46.39316,-1.02293
Mondial Relay,48.01702,2.66984
Mondial Relay,47.56212,7.30312
Mondial Relay,42.44581,9.5078
Mondial Relay,43.23422,3.12223
Mondial Relay,43.28805,5.46415
Mondial Relay,49.01108,1.63671
Mondial Relay,46.68606,-1.51286
Mondial Relay,45.86769,1.2649
Mondial Relay,47.17578,-2.14713
Mondial Relay,46.62625,-1.85747
Mondial Relay,43.5994,5.4851
Mondial Relay,50.42264,3.38653
Mondial Relay,47.1148,-1.95155
Mondial Relay,43.64509,4.01309
Mondial Relay,48.65504,2.33114
Mondial Relay,45.5747,5.4971
Mondial Relay,47.34616,1.72718
Mondial Relay,45.76649,5.0023
Mondial Relay,47.74796,-3.38975
Mondial Relay,43.4337,5.4701
Mondial Relay,48.80702,2.47947
Mondial Relay,48.8782,2.3563
Mondial Relay,49.48314,2.99527
Mondial Relay,43.63912,5.09596
Mondial Relay,48.87141,2.34191
Mondial Relay,45.75939,-1.12842
Mondial Relay,48.58796,-3.81654
Mondial Relay,48.89201,2.40252
Mondial Relay,49.26601,0.93898
Mondial Relay,47.79452,3.57901
Mondial Relay,48.99038,1.71723
Mondial Relay,43.12292,5.94816
Mondial Relay,48.88726,2.0966
Mondial Relay,47.75719,0.27328
Mondial Relay,48.98062,4.02903
Mondial Relay,49.47595,1.09698
Mondial Relay,47.10944,5.50926
Mondial Relay,43.56765,2.00544
Mondial Relay,49.92343,1.07421
Mondial Relay,47.62794,-0.71449
Mondial Relay,43.65571,-0.59312
Mondial Relay,48.85098,2.4339
Mondial Relay,49.84662,1.90172
Mondial Relay,48.85691,2.39801
Mondial Relay,47.86835,3.76383
Mondial Relay,48.55041,-3.96283
Mondial Relay,48.7131,2.54439
Mondial Relay,46.05048,5.32939
Mondial Relay,44.61483,-1.12224
Mondial Relay,48.90806,2.4944
Mondial Relay,43.7591,7.17534
Mondial Relay,49.35823,0.07705
Mondial Relay,50.48573,2.99745
Mondial Relay,44.83219,-0.57212
Mondial Relay,50.27665,3.97398
Mondial Relay,49.43492,1.91702
Mondial Relay,49.34687,-0.75544
Mondial Relay,45.44258,6.64816
Mondial Relay,46.04943,1.48001
Mondial Relay,49.03228,2.0891
Mondial Relay,49.84331,2.23065
Mondial Relay,48.71101,2.25336
Mondial Relay,44.04007,1.11044
Mondial Relay,42.6869,2.9013
Mondial Relay,48.57046,-2.8191
Mondial Relay,45.12242,-0.4689
Mondial Relay,45.39778,5.46866
Mondial Relay,43.60339,3.88241
Mondial Relay,45.76639,4.85715
Mondial Relay,49.65451,3.29515
Mondial Relay,48.87203,2.34551
Mondial Relay,48.13166,-1.63344
Mondial Relay,47.48248,6.84185
Mondial Relay,50.36032,3.31629
Mondial Relay,43.27942,5.41067
Mondial Relay,44.8533,-0.0596
Mondial Relay,43.45518,5.85838
Mondial Relay,43.54451,-1.10451
Mondial Relay,47.6329,7.01998
Mondial Relay,43.45109,4.93893
Mondial Relay,47.32577,5.04516
Mondial Relay,43.67955,4.63051
Mondial Relay,47.22226,2.06796
Mondial Relay,43.57247,1.40885
Mondial Relay,46.67601,4.36435
Mondial Relay,48.97629,2.3755
Mondial Relay,48.13778,2.47624
Mondial Relay,46.84994,4.62344
Mondial Relay,49.05487,2.09202
Mondial Relay,48.79557,2.32202
Mondial Relay,48.94006,2.45708
Mondial Relay,48.29958,4.07873
Mondial Relay,45.04796,5.04897
Mondial Relay,47.74389,7.32481
Mondial Relay,44.98196,-0.60422
Mondial Relay,48.72452,2.41287
Mondial Relay,48.58308,7.73809
Mondial Relay,48.17555,2.87242
Mondial Relay,48.58243,-2.53343
Mondial Relay,47.80541,-4.27663
Mondial Relay,47.98933,2.45427
Mondial Relay,48.84556,2.61567
Mondial Relay,46.58442,0.36724
Mondial Relay,47.31851,5.0331
Mondial Relay,49.37054,3.32624
Mondial Relay,48.18604,0.65378
Mondial Relay,46.78989,4.86115
Mondial Relay,48.87931,2.58802
Mondial Relay,43.60628,6.97227
Mondial Relay,48.81298,2.50104
Mondial Relay,48.23285,4.70695
Mondial Relay,48.53034,2.65475
Mondial Relay,47.38716,0.67666
Mondial Relay,43.60762,3.8768
Mondial Relay,48.84046,2.54916
Mondial Relay,50.66927,3.02723
Mondial Relay,48.37485,6.28635
Mondial Relay,48.84616,2.40817
Mondial Relay,48.63181,-2.05541
Mondial Relay,49.4097,2.25283
Mondial Relay,43.39407,6.32516
Mondial Relay,44.12663,4.08071
Mondial Relay,48.8202,2.32087
Mondial Relay,50.00692,2.66616
Mondial Relay,45.82716,3.37805
Mondial Relay,49.41548,2.80132
Mondial Relay,44.97002,3.88078
Mondial Relay,47.08294,2.04555
Mondial Relay,43.92937,4.12556
Mondial Relay,43.86759,6.12883
Mondial Relay,48.89318,2.32622
Mondial Relay,43.47689,1.33184
Mondial Relay,48.96124,2.38196
Mondial Relay,48.80861,2.26862
Mondial Relay,50.73672,1.61331
Mondial Relay,43.73404,5.37379
Mondial Relay,47.64018,6.91502
Mondial Relay,50.71684,3.14953
Mondial Relay,42.60147,2.96688
Mondial Relay,49.42903,2.08459
Mondial Relay,47.4453,-2.25153
Mondial Relay,50.67882,1.57107
Mondial Relay,48.67271,2.53777
Mondial Relay,48.98235,2.00194
Mondial Relay,48.62923,7.7538
Mondial Relay,49.00122,0.63887
Mondial Relay,43.32914,6.04563
Mondial Relay,45.82537,4.95599
Mondial Relay,47.26476,-1.24267
Mondial Relay,46.18005,-1.32598
Mondial Relay,47.59067,1.30647
Mondial Relay,48.82911,2.30882
Mondial Relay,45.76705,4.83059
Mondial Relay,48.87,2.39669
Mondial Relay,48.99378,1.91007
Mondial Relay,43.21202,2.35049
Mondial Relay,48.91399,2.62917
Mondial Relay,48.92185,2.37376
Mondial Relay,43.75156,7.4355
Mondial Relay,48.88486,2.38106
Mondial Relay,43.95303,2.20941
Mondial Relay,50.13274,3.75717
Mondial Relay,51.01925,2.48497
Mondial Relay,43.31056,5.38244
Mondial Relay,48.54965,2.64547
Mondial Relay,43.12075,6.13368
Mondial Relay,47.85503,5.33248
Mondial Relay,48.91512,2.37921
Mondial Relay,48.18106,3.51747
Mondial Relay,47.34923,0.6787
Mondial Relay,47.69911,-0.36323
Mondial Relay,43.89071,1.43704
Mondial Relay,48.84391,2.38808
Mondial Relay,48.87532,2.35617
Mondial Relay,50.51438,1.64068
Mondial Relay,48.83939,2.40838
Mondial Relay,48.90226,2.32673
Mondial Relay,44.54024,4.41127
Mondial Relay,48.74859,6.19826
Mondial Relay,49.63196,-1.58989
Mondial Relay,45.35037,5.94723
Mondial Relay,49.38822,1.02317
Mondial Relay,48.82242,2.49138
Mondial Relay,50.60897,3.06524
Mondial Relay,51.04747,2.41122
Mondial Relay,44.543,6.06635
Mondial Relay,43.37441,3.01472
Mondial Relay,48.55521,-3.12502
Mondial Relay,48.93451,2.49382
Mondial Relay,43.28176,3.2828
Mondial Relay,49.38158,5.95051
Mondial Relay,49.04647,2.66301
Mondial Relay,50.45889,2.88899
Mondial Relay,48.92876,2.54208
Mondial Relay,48.88541,2.3826
Mondial Relay,49.61237,0.77284
Mondial Relay,47.28158,0.16855
Mondial Relay,43.34003,5.35063
Mondial Relay,49.04738,1.16301
Mondial Relay,43.41219,1.11906
Mondial Relay,48.94315,2.14144
Mondial Relay,48.83972,-1.53792
Mondial Relay,45.68184,0.17883
Mondial Relay,44.97617,4.56075
Mondial Relay,49.3086,3.69648
Mondial Relay,47.04278,5.41827
Mondial Relay,44.55694,4.74949
Mondial Relay,43.64705,1.43293
Mondial Relay,47.9185,-3.33396
Mondial Relay,48.94245,2.46468
Mondial Relay,48.98377,-0.47597
Mondial Relay,48.62816,4.93272
Mondial Relay,45.85577,3.50541
Mondial Relay,50.70243,3.21199
Mondial Relay,48.8761,2.39791
Mondial Relay,49.25989,6.14125
Mondial Relay,48.62991,2.45143
Mondial Relay,43.95864,2.88693
Mondial Relay,48.85598,2.4783
Mondial Relay,47.35542,0.72279
Mondial Relay,43.45389,5.46945
Mondial Relay,50.37158,3.08498
Mondial Relay,45.97136,4.664
Mondial Relay,45.06857,4.86596
Mondial Relay,44.65003,1.56999
Mondial Relay,49.86764,3.28989
Mondial Relay,48.12736,7.36915
Mondial Relay,47.79568,7.17192
Mondial Relay,48.84551,2.29826
Mondial Relay,43.8996,4.74804
Mondial Relay,48.93822,2.15866
Mondial Relay,50.8299,2.0065
Mondial Relay,47.39305,0.69341
Mondial Relay,48.06764,-2.94443
Mondial Relay,47.90705,1.9822
Mondial Relay,47.88086,0.80839
Mondial Relay,46.57651,1.53774
Mondial Relay,49.25598,2.48707
Mondial Relay,47.23491,-1.54722
Mondial Relay,49.91635,2.33837
Mondial Relay,49.28802,4.02156
Mondial Relay,49.56464,3.61792
Mondial Relay,48.28223,0.01943
Mondial Relay,47.50012,7.25502
Mondial Relay,46.63245,1.08453
Mondial Relay,43.52525,5.45423
Mondial Relay,48.57277,2.85812
Mondial Relay,46.25399,5.21444
Mondial Relay,47.81007,7.31514
Mondial Relay,49.35593,2.78819
Mondial Relay,45.58843,5.25857
Mondial Relay,45.24836,-0.6269
Mondial Relay,48.88685,2.36028
Mondial Relay,43.17385,2.97446
Mondial Relay,48.87238,2.4193
Mondial Relay,48.96072,2.57614
Mondial Relay,48.51027,-1.95115
Mondial Relay,48.85295,2.22153
Mondial Relay,45.65653,0.16223
Mondial Relay,46.06144,6.54977
Mondial Relay,45.67732,5.46956
Mondial Relay,46.0765,6.30687
Mondial Relay,49.36911,3.31261
Mondial Relay,47.39339,6.49715
Mondial Relay,43.16686,-1.21194
Mondial Relay,46.1579,4.17015
Mondial Relay,49.11102,7.06702
Mondial Relay,48.79107,2.66462
Mondial Relay,45.02712,5.74418
Mondial Relay,45.52981,4.91269
Mondial Relay,48.54086,2.62512
Mondial Relay,47.32704,0.40802
Mondial Relay,46.1423,3.41495
Mondial Relay,48.8786,2.45681
Mondial Relay,45.18958,4.81515
Mondial Relay,47.24876,-1.51445
Mondial Relay,51.00011,2.38272
Mondial Relay,51.00076,2.3755
Mondial Relay,47.98835,-0.1632
Mondial Relay,50.56817,1.90672
Mondial Relay,44.51558,3.4795
Mondial Relay,48.99092,2.43375
Mondial Relay,50.39212,3.48269
Mondial Relay,49.35575,6.16197
Mondial Relay,44.28791,4.94187
Mondial Relay,49.37389,3.32697
Mondial Relay,44.79547,-0.60441
Mondial Relay,48.1748,6.88169
Mondial Relay,45.86608,-0.31991
Mondial Relay,47.74703,7.36183
Mondial Relay,46.78352,4.85638
Mondial Relay,50.47731,3.57382
Mondial Relay,50.27,3.70614
Mondial Relay,45.05628,-0.6991
Mondial Relay,48.64451,1.82296
Mondial Relay,44.97758,2.62291
Mondial Relay,47.82767,-3.40279
Mondial Relay,49.88499,2.32052
Mondial Relay,43.12934,5.89573
Mondial Relay,48.84526,2.41095
Mondial Relay,48.10824,-1.21618
Mondial Relay,49.76811,1.04857
Mondial Relay,47.89044,6.99043
Mondial Relay,48.70229,7.37303
Mondial Relay,50.88281,2.46815
Mondial Relay,50.70432,2.83803
Mondial Relay,47.5104,6.80094
Mondial Relay,48.68601,2.34975
Mondial Relay,48.13563,-1.95764
Mondial Relay,45.67068,-0.14916
Mondial Relay,45.26954,-0.52345
Mondial Relay,45.95091,6.1911
Mondial Relay,48.53854,2.66046
Mondial Relay,43.4515,5.41254
Mondial Relay,43.13102,5.91252
Mondial Relay,49.00359,2.19197
Mondial Relay,43.48923,5.56742
Mondial Relay,43.28991,6.13659
Mondial Relay,48.35486,-1.20225
Mondial Relay,48.83161,2.32199
Mondial Relay,48.97916,1.69335
Mondial Relay,46.3102,3.29183
Mondial Relay,43.33855,3.53297
Mondial Relay,48.02114,0.01443
Mondial Relay,49.58864,0.28282
Mondial Relay,45.54669,2.30903
Mondial Relay,49.1034,0.6072
Mondial Relay,43.52471,5.45469
Mondial Relay,41.9335,8.74234
Mondial Relay,41.93174,8.74002
Mondial Relay,44.61924,4.38957
Mondial Relay,48.89753,2.30703
Mondial Relay,43.77889,1.63259
Mondial Relay,45.91055,6.09764
Mondial Relay,48.77555,2.51514
Mondial Relay,45.8981,6.11665
Mondial Relay,50.05282,1.42155
Mondial Relay,48.97198,2.03216
Mondial Relay,48.84149,2.28121
Mondial Relay,44.29086,2.55686
Mondial Relay,48.55455,6.44401
Mondial Relay,47.33327,5.04228
Mondial Relay,48.58824,3.81314
Mondial Relay,48.78491,2.30544
Mondial Relay,44.44415,4.98151
Mondial Relay,47.28263,5.99385
Mondial Relay,48.66948,7.7128
Mondial Relay,48.87824,2.354
Mondial Relay,49.84398,1.77863
Mondial Relay,49.36436,6.15371
Mondial Relay,45.50124,6.06168
Mondial Relay,48.73102,2.32751
Mondial Relay,43.4326,6.7482
Mondial Relay,46.02014,0.65641
Mondial Relay,48.52453,1.68812
Mondial Relay,50.25879,3.63293
Mondial Relay,48.71746,7.80087
Mondial Relay,49.89286,2.29508
Mondial Relay,49.24144,3.0822
Mondial Relay,45.59264,5.88384
Mondial Relay,41.93822,8.74481
Mondial Relay,43.13154,5.90504
Mondial Relay,50.65751,3.04035
Mondial Relay,43.33895,5.40782
Mondial Relay,45.76938,4.85295
Mondial Relay,43.63206,5.13954
Mondial Relay,49.2039,4.01483
Mondial Relay,43.65808,6.927
Mondial Relay,47.38841,0.69158
Mondial Relay,43.49778,5.73249
Mondial Relay,48.55544,3.00484
Mondial Relay,48.79941,2.16029
Mondial Relay,50.47093,3.3949
Mondial Relay,50.27869,3.93664
Mondial Relay,43.57635,6.9985
Mondial Relay,48.35138,-1.22789
Mondial Relay,43.30071,5.37671
Mondial Relay,46.53339,3.19238
Mondial Relay,48.53312,2.34486
Mondial Relay,50.13335,1.94603
Mondial Relay,46.01623,3.34952
Mondial Relay,45.15322,1.5293
Mondial Relay,47.79709,3.57129
Mondial Relay,47.79421,-1.05605
Mondial Relay,45.74115,0.38431
Mondial Relay,46.55108,1.15849
Mondial Relay,43.64477,5.57264
Mondial Relay,43.10862,0.71126
Mondial Relay,49.25076,4.05262
Mondial Relay,49.28623,0.20695
Mondial Relay,48.87759,2.45691
Mondial Relay,45.55861,-0.40101
Mondial Relay,48.81749,2.53879
Mondial Relay,49.87848,1.24265
Mondial Relay,44.83285,0.47775
Mondial Relay,49.50249,0.15842
Mondial Relay,45.8907,0.58214
Mondial Relay,45.18187,5.74503
Mondial Relay,43.64573,3.81112
Mondial Relay,48.11752,-1.68102
Mondial Relay,47.0255,3.14681
Mondial Relay,42.69793,2.89277
Mondial Relay,47.77704,7.3474
Mondial Relay,48.86704,2.44856
Mondial Relay,48.79422,2.28418
Mondial Relay,45.75411,4.86694
Mondial Relay,48.19636,-2.03839
Mondial Relay,49.85267,0.5977
Mondial Relay,48.86289,2.39961
Mondial Relay,45.88792,0.10579
Mondial Relay,48.81911,2.30023
Mondial Relay,45.48084,-0.56847
Mondial Relay,50.71923,1.61048
Mondial Relay,48.61038,6.17217
Mondial Relay,47.06166,2.32052
Mondial Relay,45.66024,0.98929
Mondial Relay,50.58596,2.28298
Mondial Relay,48.84334,2.32639
Mondial Relay,46.79146,3.11662
Mondial Relay,43.08764,5.85536
Mondial Relay,43.52038,5.23431
Mondial Relay,43.25144,1.67852
Mondial Relay,46.34213,6.41575
Mondial Relay,49.49043,-1.39397
Mondial Relay,48.93031,7.89637
Mondial Relay,48.07488,0.19075
Mondial Relay,45.38702,4.78312
Mondial Relay,45.27151,0.03793
Mondial Relay,50.48659,1.61589
Mondial Relay,48.80221,7.79994
Mondial Relay,50.29132,2.78409
Mondial Relay,47.66622,-2.98497
Mondial Relay,43.58986,2.19212
Mondial Relay,50.78548,3.12573
Mondial Relay,45.4226,4.06582
Mondial Relay,46.36974,-0.5942
Mondial Relay,48.94792,2.87988
Mondial Relay,48.80177,2.47184
Mondial Relay,50.47728,2.53312
Mondial Relay,49.32817,2.20705
Mondial Relay,43.70448,7.32668
Mondial Relay,46.12275,3.42802
Mondial Relay,48.76328,2.31404
Mondial Relay,44.02941,5.97642
Mondial Relay,45.45986,4.39642
Mondial Relay,46.98533,1.174
Mondial Relay,48.85226,2.46235
Mondial Relay,50.40509,1.56666
Mondial Relay,46.42899,0.11377
Mondial Relay,45.59163,5.60861
Mondial Relay,46.50403,-1.79946
Mondial Relay,45.74062,-0.60235
Mondial Relay,48.1132,5.14099
Mondial Relay,50.48319,3.01524
Mondial Relay,48.61545,7.75273
Mondial Relay,44.10401,1.08776
Mondial Relay,44.57664,2.07767
Mondial Relay,43.44183,1.59967
Mondial Relay,48.38469,2.95349
Mondial Relay,49.45898,3.82579
Mondial Relay,49.79325,3.01085
Mondial Relay,42.54994,9.44509
Mondial Relay,50.81347,1.70347
Mondial Relay,45.75263,4.82782
Mondial Relay,50.81632,2.08169
Mondial Relay,46.1639,-1.1518
Mondial Relay,48.06566,-0.93505
Mondial Relay,46.97905,5.60273
Mondial Relay,48.16315,2.0431
Mondial Relay,44.18158,0.67072
Mondial Relay,45.20341,4.03381
Mondial Relay,43.9974,5.05609
Mondial Relay,43.46055,1.32598
Mondial Relay,45.19249,5.73053
Mondial Relay,48.79652,2.36857
Mondial Relay,44.51784,3.49985
Mondial Relay,43.60723,3.89885
Mondial Relay,43.70628,7.25625
Mondial Relay,49.25973,4.04594
Mondial Relay,45.49708,4.16127
Mondial Relay,44.84413,-0.49787
Mondial Relay,45.07027,5.24315
Mondial Relay,43.83885,4.36311
Mondial Relay,48.39562,7.44466
Mondial Relay,48.90628,2.45356
Mondial Relay,48.9386,2.36012
Mondial Relay,48.89337,2.32391
Mondial Relay,49.24867,6.16929
Mondial Relay,49.36286,6.11731
Mondial Relay,49.90058,2.50473
Mondial Relay,48.61289,2.48352
Mondial Relay,43.42624,3.30122
Mondial Relay,49.04919,2.03293
Mondial Relay,46.26018,-1.013
Mondial Relay,49.16184,4.07993
Mondial Relay,47.06351,4.81696
Mondial Relay,46.88398,-0.89977
Mondial Relay,43.37919,-0.45587
Mondial Relay,45.77776,3.1044
Mondial Relay,48.81361,2.42655
Mondial Relay,50.75377,2.64637
Mondial Relay,42.27862,9.2146
Mondial Relay,48.94263,4.40092
Mondial Relay,46.7103,-1.31867
Mondial Relay,47.08207,2.39459
Mondial Relay,43.93866,4.81017
Mondial Relay,47.32611,-2.15229
Mondial Relay,43.2329,0.09134
Mondial Relay,45.68991,-0.31901
Mondial Relay,48.90917,2.24137
Mondial Relay,50.64037,2.65333
Mondial Relay,43.61454,1.48743
Mondial Relay,43.23273,3.05569
Mondial Relay,48.90285,7.96865
Mondial Relay,45.74718,3.06474
Mondial Relay,50.33376,3.23715
Mondial Relay,48.81163,2.32325
Mondial Relay,47.84642,-3.68794
Mondial Relay,46.17043,1.88601
Mondial Relay,48.92719,2.25337
Mondial Relay,50.03179,1.39713
Mondial Relay,45.46194,4.76792
Mondial Relay,50.6732,3.14337
Mondial Relay,48.19733,3.2833
Mondial Relay,49.5499,0.95476
Mondial Relay,48.70134,2.59863
Mondial Relay,48.89429,2.3142
Mondial Relay,50.18469,3.41482
Mondial Relay,43.28838,2.4415
Mondial Relay,46.9738,0.69813
Mondial Relay,43.61597,4.00864
Mondial Relay,48.79868,2.37801
Mondial Relay,44.10176,6.00915
Mondial Relay,47.47312,-0.54292
Mondial Relay,48.88976,2.19611
Mondial Relay,48.89937,2.07588
Mondial Relay,47.27716,1.39816
Mondial Relay,49.92985,1.6374
Mondial Relay,43.49665,-1.48437
Mondial Relay,48.75298,2.50613
Mondial Relay,47.44527,-0.56242
Mondial Relay,45.03386,3.10087
Mondial Relay,48.55622,3.01214
Mondial Relay,43.74593,-0.75783
Mondial Relay,48.69422,2.29386
Mondial Relay,48.83601,2.29014
Mondial Relay,49.24822,3.99524
Mondial Relay,48.93275,2.35722
Mondial Relay,45.74996,4.94608
Mondial Relay,43.53861,6.46616
Mondial Relay,44.37213,4.64468
Mondial Relay,45.67985,-0.17476
Mondial Relay,48.86812,2.5479
Mondial Relay,49.76076,4.71703
Mondial Relay,43.80597,4.65806
Mondial Relay,47.63095,6.86116
Mondial Relay,45.04153,3.88187
Mondial Relay,47.02833,6.57355
Mondial Relay,47.23911,-1.57045
Mondial Relay,43.52932,5.42935
Mondial Relay,48.65137,2.38983
Mondial Relay,45.56746,5.92145
Mondial Relay,45.9397,-0.97077
Mondial Relay,49.5282,0.54856
Mondial Relay,43.14369,6.06309
Mondial Relay,48.53709,-3.79693
Mondial Relay,48.51358,-4.05451
Mondial Relay,45.76881,3.07719
Mondial Relay,50.47007,3.00937
Mondial Relay,49.40934,-1.31478
Mondial Relay,47.33977,-0.2338
Mondial Relay,47.23882,-2.27951
Mondial Relay,45.29719,5.63726
Mondial Relay,48.10197,-1.71293
Mondial Relay,48.56623,2.78161
Mondial Relay,48.7989,2.42352
Mondial Relay,50.63187,3.00721
Mondial Relay,48.97317,3.28213
Mondial Relay,43.56588,7.01996
Mondial Relay,45.7514,4.84453
Mondial Relay,49.35838,0.87427
Mondial Relay,48.1099,-1.64626
Mondial Relay,50.53006,2.80486
Mondial Relay,43.29599,5.40064
Mondial Relay,44.52057,2.76196
Mondial Relay,45.58248,4.63152
Mondial Relay,48.73673,2.4544
Mondial Relay,50.10893,1.80578
Mondial Relay,45.83001,-0.8656
Mondial Relay,43.77182,1.67635
Mondial Relay,49.50495,0.10919
Mondial Relay,48.88813,2.32594
Mondial Relay,49.13827,3.07752
Mondial Relay,44.92024,-0.35909
Mondial Relay,48.11431,0.51724
Mondial Relay,49.15958,3.41991
Mondial Relay,48.094,-4.3273
Mondial Relay,50.11183,3.4095
Mondial Relay,50.60742,2.9566
Mondial Relay,41.95232,8.7798
Mondial Relay,48.90501,2.53211
Mondial Relay,46.63193,-0.57361
Mondial Relay,43.04536,1.62865
Mondial Relay,49.73453,4.82558
Mondial Relay,43.29489,5.37966
Mondial Relay,47.30526,0.71528
Mondial Relay,48.75631,2.39973
Mondial Relay,48.54277,2.67809
Mondial Relay,50.47504,3.23427
Mondial Relay,48.95927,2.87944
Mondial Relay,50.66711,3.21193
Mondial Relay,47.8867,1.90981
Mondial Relay,50.43866,2.86748
Mondial Relay,47.33155,5.03855
Mondial Relay,51.05183,2.43085
Mondial Relay,48.82748,2.33592
Mondial Relay,44.79491,-0.56793
Mondial Relay,48.87918,2.59308
Mondial Relay,50.41836,2.94708
Mondial Relay,47.45575,-0.53527
Mondial Relay,44.02752,4.97146
Mondial Relay,48.56895,7.77799
Mondial Relay,43.51501,3.69352
Mondial Relay,50.5021,2.44707
Mondial Relay,49.12351,6.20345
Mondial Relay,50.1889,3.48758
Mondial Relay,48.1895,-2.19202
Mondial Relay,48.35344,2.38101
Mondial Relay,43.67174,7.22108
Mondial Relay,48.88637,2.17121
Mondial Relay,48.65878,-1.98511
Mondial Relay,47.02489,4.83842
Mondial Relay,48.87169,2.43833
Mondial Relay,45.77924,3.19972
Mondial Relay,49.11014,-1.07475
Mondial Relay,43.69135,-1.05042
Mondial Relay,43.79277,4.8291
Mondial Relay,43.34758,-1.41945
Mondial Relay,45.41764,4.39443
Mondial Relay,45.1347,3.81303
Mondial Relay,49.28323,1.01966
Mondial Relay,48.92772,2.45133
Mondial Relay,43.60579,0.04853
Mondial Relay,44.85495,0.59458
Mondial Relay,46.78294,4.74304
Mondial Relay,45.77072,4.86139
Mondial Relay,50.25197,1.88373
Mondial Relay,47.86512,7.34722
Mondial Relay,44.56023,-0.26708
Mondial Relay,45.0596,-0.77052
Mondial Relay,50.34198,3.37992
Mondial Relay,47.49113,4.33371
Mondial Relay,48.92185,2.5422
Mondial Relay,49.15109,0.2242
Mondial Relay,48.2809,-3.56494
Mondial Relay,48.36446,2.94961
Mondial Relay,47.52436,5.11123
Mondial Relay,45.18069,-0.22722
Mondial Relay,42.68658,2.89629
Mondial Relay,47.17958,-1.62418
Mondial Relay,45.9574,1.40143
Mondial Relay,49.01567,4.27039
Mondial Relay,48.17279,-2.59916
Mondial Relay,49.40223,1.04409
Mondial Relay,48.8802,2.39681
Mondial Relay,43.72744,1.37996
Mondial Relay,44.0257,1.366
Mondial Relay,42.62641,2.76825
Mondial Relay,48.89269,2.38039
Mondial Relay,47.24283,6.04661
Mondial Relay,49.28081,-0.09969
Mondial Relay,47.06249,3.9344
Mondial Relay,47.99388,7.37834
Mondial Relay,48.81509,-1.56949
Mondial Relay,44.35853,4.70856
Mondial Relay,48.89694,2.30824
Mondial Relay,49.06974,2.32188
Mondial Relay,44.39166,0.80147
Mondial Relay,48.89221,2.37476
Mondial Relay,43.9682,4.52662
Mondial Relay,49.49775,0.11483
Mondial Relay,48.7047,6.22057
Mondial Relay,43.40869,5.03874
Mondial Relay,48.76874,2.4199
Mondial Relay,42.77502,2.91127
Mondial Relay,48.31591,2.08661
Mondial Relay,43.20103,2.76135
Mondial Relay,48.81775,2.49366
Mondial Relay,44.82014,-0.57219
Mondial Relay,44.91752,4.86184
Mondial Relay,43.6409,1.46286
Mondial Relay,48.95048,2.89412
Mondial Relay,45.20194,5.73435
Mondial Relay,47.1298,-0.15543
Mondial Relay,45.48203,4.43395
Mondial Relay,48.57845,7.7516
Mondial Relay,43.24679,5.40254
Mondial Relay,48.86357,2.37217
Mondial Relay,48.9076,2.39582
Mondial Relay,44.65676,4.76243
Mondial Relay,43.42136,3.16965
Mondial Relay,49.4126,1.13922
Mondial Relay,47.70424,1.50813
Mondial Relay,46.0397,4.05186
Mondial Relay,48.97099,2.25901
Mondial Relay,48.91268,2.44426
Mondial Relay,45.67818,-1.09978
Mondial Relay,46.8438,-1.88719
Mondial Relay,46.12613,3.42581
Mondial Relay,48.61916,-1.29431
Mondial Relay,43.21165,1.08281
Mondial Relay,48.9752,1.91532
Mondial Relay,45.18141,5.72189
Mondial Relay,48.85697,2.39722
Mondial Relay,45.91913,5.50888
Mondial Relay,48.83582,2.28026
Mondial Relay,48.89874,2.5448
Mondial Relay,44.09414,6.23501
Mondial Relay,48.85177,-1.57018
Mondial Relay,43.95359,2.89257
Mondial Relay,43.46982,3.34224
Mondial Relay,42.55317,8.76355
Mondial Relay,45.60675,4.06412
Mondial Relay,48.31798,5.58985
Mondial Relay,45.81755,4.90214
Mondial Relay,48.60011,7.77945
Mondial Relay,48.99084,1.71618
Mondial Relay,45.82967,1.2633
Mondial Relay,43.75001,5.49523
Mondial Relay,43.29124,5.38027
Mondial Relay,43.83786,4.38639
Mondial Relay,43.11331,5.99222
Mondial Relay,48.89573,2.34328
Mondial Relay,43.41865,5.05254
Mondial Relay,43.17976,5.7724
Mondial Relay,47.39746,0.69913
Mondial Relay,48.86239,2.37629
Mondial Relay,48.80792,2.50942
Mondial Relay,47.44972,-2.31291
Mondial Relay,46.57249,4.90439
Mondial Relay,43.49224,-1.47605
Mondial Relay,49.44106,2.84506
Mondial Relay,49.54979,0.17303
Mondial Relay,48.87994,2.41213
Mondial Relay,46.20323,5.22181
Mondial Relay,43.13571,5.91599
Mondial Relay,46.57513,0.37898
Mondial Relay,44.848,-0.46312
Mondial Relay,48.58418,7.75717
Mondial Relay,49.63598,-1.65084
Mondial Relay,43.72503,7.24805
Mondial Relay,48.61566,3.19455
Mondial Relay,44.37962,0.52461
Mondial Relay,49.35739,6.13246
Mondial Relay,45.52598,4.86732
Mondial Relay,45.93544,-0.96661
Mondial Relay,45.67225,0.20032
Mondial Relay,49.73299,1.43456
Mondial Relay,45.94015,-1.31376
Mondial Relay,50.44684,3.42574
Mondial Relay,48.84667,2.30195
Mondial Relay,45.77419,4.75202
Mondial Relay,43.82521,4.26152
Mondial Relay,48.83852,2.34578
Mondial Relay,48.50423,2.79378
Mondial Relay,43.95828,2.15383
Mondial Relay,46.47999,3.98025
Mondial Relay,50.51909,2.45713
Mondial Relay,48.19035,-2.75442
Mondial Relay,45.75984,4.88958
Mondial Relay,48.65982,2.57406
Mondial Relay,46.12119,4.95832
Mondial Relay,48.89324,2.33589
Mondial Relay,45.36624,5.59447
Mondial Relay,49.00941,1.39806
Mondial Relay,43.35586,-1.7742
Mondial Relay,50.67391,3.08836
Mondial Relay,49.41367,2.08701
Mondial Relay,48.84618,2.47067
Mondial Relay,47.32497,-2.41158
Mondial Relay,48.41563,3.23797
Mondial Relay,43.48373,-1.13992
Mondial Relay,46.64059,-1.71388
Mondial Relay,43.34789,1.12061
Mondial Relay,49.45031,1.03399
Mondial Relay,48.90492,2.30203
Mondial Relay,50.67578,1.63594
Mondial Relay,46.68592,0.24534
Mondial Relay,43.64405,-0.37265
Mondial Relay,48.8222,3.04504
Mondial Relay,47.71277,1.94111
Mondial Relay,43.54791,3.77839
Mondial Relay,48.88857,2.51056
Mondial Relay,43.39658,-0.57246
Mondial Relay,45.39798,5.4188
Mondial Relay,48.75214,-1.45646
Mondial Relay,45.752,4.8266
Mondial Relay,48.8332,2.32498
Mondial Relay,47.5868,4.00402
Mondial Relay,48.65784,7.75604
Mondial Relay,48.93103,1.44129
Mondial Relay,48.88095,2.09664
Mondial Relay,48.11395,-1.61356
Mondial Relay,47.47792,-0.5435
Mondial Relay,45.47415,-0.15145
Mondial Relay,45.18515,-0.57972
Mondial Relay,44.93331,4.87907
Mondial Relay,43.1387,5.84737
Mondial Relay,49.24028,2.4639
Mondial Relay,43.12435,5.92894
Mondial Relay,49.04843,3.38914
Mondial Relay,49.09503,6.13661
Mondial Relay,47.6158,5.51657
Mondial Relay,45.6793,-0.17469
Mondial Relay,49.54003,0.31384
Mondial Relay,48.72938,-3.45129
Mondial Relay,43.22857,3.1358
Mondial Relay,48.6258,6.34553
Mondial Relay,43.53103,6.46983
Mondial Relay,47.46743,-0.55571
Mondial Relay,43.49425,-1.49454
Mondial Relay,50.83292,2.21283
Mondial Relay,46.64493,-1.80962
Mondial Relay,44.91273,4.43806
Mondial Relay,45.96202,5.83702
Mondial Relay,43.28999,5.38171
Mondial Relay,41.93118,8.73508
Mondial Relay,46.49611,-1.79223
Mondial Relay,48.89014,2.32386
Mondial Relay,48.53265,2.65698
Mondial Relay,48.68967,2.28916
Mondial Relay,48.85823,2.38288
Mondial Relay,45.096,-0.71987
Mondial Relay,48.25438,4.26749
Mondial Relay,43.60586,2.23336
Mondial Relay,48.59167,7.75322
Mondial Relay,48.3764,2.15237
Mondial Relay,44.2546,4.64674
Mondial Relay,48.58659,-3.78966
Mondial Relay,48.99072,2.08701
Mondial Relay,48.80561,2.48358
Mondial Relay,47.55259,-2.48282
Mondial Relay,48.46307,7.47898
Mondial Relay,50.94736,1.95367
Mondial Relay,47.45142,-0.53725
Mondial Relay,48.85699,2.39864
Mondial Relay,43.50126,5.37938
Mondial Relay,46.26931,-0.8732
Mondial Relay,48.59746,1.38508
Mondial Relay,48.48136,-2.16923
Mondial Relay,48.06452,-0.80899
Mondial Relay,50.63249,3.08471
Mondial Relay,48.86535,2.75913
Mondial Relay,48.72735,4.58604
Mondial Relay,48.85043,2.05592
Mondial Relay,45.77442,4.84456
Mondial Relay,48.61947,2.44538
Mondial Relay,44.15712,4.62295
Mondial Relay,49.0487,3.96114
Mondial Relay,49.4032,3.00741
Mondial Relay,48.85324,2.51444
Mondial Relay,48.45367,-2.04295
Mondial Relay,47.06053,-0.93053
Mondial Relay,48.89982,2.12355
Mondial Relay,46.79868,4.83555
Mondial Relay,45.0382,5.04702
Mondial Relay,49.4441,1.07627
Mondial Relay,48.95518,4.37799
Mondial Relay,48.89028,2.34827
Mondial Relay,43.63746,6.93383
Mondial Relay,48.75957,2.30711
Mondial Relay,47.6215,4.33696
Mondial Relay,41.69983,9.34513
Mondial Relay,49.24183,4.02492
Mondial Relay,50.61345,3.00639
Mondial Relay,48.84015,2.39946
Mondial Relay,47.24887,-1.61966
Mondial Relay,48.87042,3.53769
Mondial Relay,48.71318,2.39574
Mondial Relay,49.44281,1.09341
Mondial Relay,49.6662,2.32489
Mondial Relay,47.99991,0.22783
Mondial Relay,48.58499,7.73751
Mondial Relay,42.70498,9.4527
Mondial Relay,45.59013,5.24258
Mondial Relay,48.27933,4.05313
Mondial Relay,49.1374,6.16814
Mondial Relay,47.9052,2.03892
Mondial Relay,48.84347,2.53972
Mondial Relay,43.2787,1.34745
Mondial Relay,43.13629,5.98307
Mondial Relay,49.88769,2.34518
Mondial Relay,45.42134,4.31449
Mondial Relay,49.65139,0.59166
Mondial Relay,49.06172,2.06703
Mondial Relay,50.54029,3.07317
Mondial Relay,43.71592,5.31025
Mondial Relay,47.17296,-1.47591
Mondial Relay,46.922,-0.96451
Mondial Relay,48.01659,-4.08365
Mondial Relay,46.00361,5.28982
Mondial Relay,45.18282,0.769
Mondial Relay,48.76716,6.12663
Mondial Relay,45.88301,1.28135
Mondial Relay,48.95238,2.22476
Mondial Relay,45.8923,3.10902
Mondial Relay,49.20605,6.9435
Mondial Relay,48.59947,2.46356
Mondial Relay,48.74132,-3.42019
Mondial Relay,43.85422,5.82723
Mondial Relay,45.25434,4.6888
Mondial Relay,48.08141,3.29407
Mondial Relay,44.76199,4.92002
Mondial Relay,45.44626,4.38539
Mondial Relay,43.8199,4.66124
Mondial Relay,43.55422,6.95332
Mondial Relay,47.38112,0.70484
Mondial Relay,46.12016,3.43207
Mondial Relay,43.44238,5.25289
Mondial Relay,43.65641,1.66093
Mondial Relay,49.11278,7.04666
Mondial Relay,43.25755,6.11508
Mondial Relay,48.92282,2.49739
Mondial Relay,49.43869,1.10351
Mondial Relay,45.76787,3.08582
Mondial Relay,48.82402,2.32497
Mondial Relay,43.5719,1.45298
Mondial Relay,48.66901,2.36246
Mondial Relay,48.02952,-1.75894
Mondial Relay,50.66213,3.21458
Mondial Relay,43.83863,4.31876
Mondial Relay,48.92692,2.38194
Mondial Relay,48.80187,2.43624
Mondial Relay,45.61315,5.01723
Mondial Relay,48.94052,2.47109
Mondial Relay,48.77696,2.32314
Mondial Relay,48.67883,2.31795
Mondial Relay,50.54075,2.79821
Mondial Relay,47.60017,7.5495
Mondial Relay,45.78407,5.02511
Mondial Relay,50.43769,2.67964
Mondial Relay,48.61813,6.35172
Mondial Relay,47.16885,-1.47404
Mondial Relay,45.64006,0.19967
Mondial Relay,48.56666,7.70851
Mondial Relay,48.94677,2.16951
Mondial Relay,48.53208,2.64154
Mondial Relay,47.44101,-0.21715
Mondial Relay,48.27262,7.3989
Mondial Relay,46.88066,-1.01063
Mondial Relay,48.92274,2.26049
Mondial Relay,49.0188,2.09919
Mondial Relay,49.03246,2.3377
Mondial Relay,50.3155,3.41677
Mondial Relay,48.40223,-4.48846
Mondial Relay,43.24991,5.39668
Mondial Relay,50.40978,2.8302
Mondial Relay,48.83809,-1.22325
Mondial Relay,49.34353,5.40143
Mondial Relay,48.90972,2.52984
Mondial Relay,43.6008,3.88458
Mondial Relay,43.70376,7.28098
Mondial Relay,48.51129,-2.75927
Mondial Relay,48.86892,2.41914
Mondial Relay,46.76379,0.4819
Mondial Relay,48.87829,2.69547
Mondial Relay,48.16104,6.45017
Mondial Relay,50.31325,3.35744
Mondial Relay,49.89828,2.29222
Mondial Relay,48.83288,2.28895
Mondial Relay,45.78538,1.23381
Mondial Relay,48.83844,2.30076
Mondial Relay,47.90831,-3.98146
Mondial Relay,50.0536,3.12275
Mondial Relay,48.91588,2.37707
Mondial Relay,48.63424,2.33401
Mondial Relay,48.85015,2.37459
Mondial Relay,43.27432,5.38689
Mondial Relay,48.87579,2.4485
Mondial Relay,46.48153,3.98273
Mondial Relay,46.99675,-0.89292
Mondial Relay,45.04252,-0.17691
Mondial Relay,48.70341,-1.387
Mondial Relay,46.25929,-0.34505
Mondial Relay,45.67434,-0.92516
Mondial Relay,50.5981,2.95517
Mondial Relay,45.92125,4.58506
Mondial Relay,48.74477,-0.56344
Mondial Relay,43.82326,4.36517
Mondial Relay,44.04059,4.89443
Mondial Relay,48.95448,1.85865
Mondial Relay,46.77632,-2.05686
Mondial Relay,47.2438,0.69508
Mondial Relay,48.5173,7.6715
Mondial Relay,48.99595,2.41809
Mondial Relay,48.48111,-1.12276
Mondial Relay,43.54572,2.25255
Mondial Relay,51.05106,2.40956
Mondial Relay,48.10369,6.27022
Mondial Relay,45.86989,2.67302
Mondial Relay,49.07562,2.78748
Mondial Relay,43.54671,-1.11296
Mondial Relay,47.8651,0.46973
Mondial Relay,49.75778,0.37561
Mondial Relay,48.88892,2.16911
Mondial Relay,43.95758,0.37264
Mondial Relay,42.70224,9.44744
Mondial Relay,48.89513,2.33763
Mondial Relay,44.02806,2.1553
Mondial Relay,43.47672,5.49137
Mondial Relay,44.82429,0.22571
Mondial Relay,46.30427,4.83996
Mondial Relay,50.08607,4.00637
Mondial Relay,47.64172,-1.23874
Mondial Relay,48.77493,2.48138
Mondial Relay,47.38308,6.7734
Mondial Relay,45.68387,4.95422
Mondial Relay,50.14156,3.3805
Mondial Relay,48.69454,2.30989
Mondial Relay,48.90205,2.81175
Mondial Relay,48.91504,2.29432
Mondial Relay,48.78302,2.35759
Mondial Relay,49.7719,4.71823
Mondial Relay,48.90118,2.39603
Mondial Relay,44.20089,-1.22663
Mondial Relay,47.34443,1.18407
Mondial Relay,46.36412,-0.85938
Mondial Relay,48.91709,2.27818
Mondial Relay,49.54406,0.19208
Mondial Relay,45.39047,4.2866
Mondial Relay,49.71015,4.12912
Mondial Relay,50.1366,4.82528
Mondial Relay,48.90807,1.27529
Mondial Relay,48.26519,7.45227
Mondial Relay,48.76123,1.24195
Mondial Relay,49.17614,-0.32153
Mondial Relay,48.97857,4.33901
Mondial Relay,46.08614,2.04495
Mondial Relay,45.71453,4.8057
Mondial Relay,49.14744,0.25709
Mondial Relay,46.19548,-1.35126
Mondial Relay,42.96478,1.60534
Mondial Relay,48.50837,3.89043
Mondial Relay,43.9945,1.42393
Mondial Relay,50.62059,3.16157
Mondial Relay,43.1619,2.97839
Mondial Relay,48.28054,2.69944
Mondial Relay,43.45427,3.42115
Mondial Relay,47.58728,7.56227
Mondial Relay,49.06098,2.05971
Mondial Relay,48.88675,2.58475
Mondial Relay,45.51229,4.10639
Mondial Relay,49.33499,-1.68538
Mondial Relay,43.62033,1.45727
Mondial Relay,43.68153,4.63298
Mondial Relay,48.86825,2.40056
Mondial Relay,48.40483,-4.49521
Mondial Relay,44.1511,4.80272
Mondial Relay,43.48579,-1.49801
Mondial Relay,48.70273,6.17388
Mondial Relay,48.85639,2.40954
Mondial Relay,44.14317,4.1038
Mondial Relay,49.21398,4.02646
Mondial Relay,45.6072,0.08712
Mondial Relay,44.83789,-0.56797
Mondial Relay,50.39163,2.77241
Mondial Relay,46.96879,1.02687
Mondial Relay,46.13796,3.45684
Mondial Relay,45.71319,4.8046
Mondial Relay,43.45969,5.41322
Mondial Relay,48.89287,2.29745
Mondial Relay,46.90427,6.35263
Mondial Relay,48.86859,2.38898
Mondial Relay,47.55228,-0.80898
Mondial Relay,48.3958,-4.47753
Mondial Relay,43.65351,6.92091
Mondial Relay,43.66262,5.43419
Mondial Relay,50.75099,2.25236
Mondial Relay,49.25214,4.02885
Mondial Relay,48.82489,2.13013
Mondial Relay,45.36544,5.59443
Mondial Relay,46.72142,3.68375
Mondial Relay,43.93854,2.14236
Mondial Relay,47.68848,6.0437
Mondial Relay,50.63707,3.08648
Mondial Relay,48.29578,4.07724
Mondial Relay,48.54184,-4.65876
Mondial Relay,48.95871,2.87992
Mondial Relay,48.61166,2.47383
Mondial Relay,43.12695,5.92855
Mondial Relay,47.97481,2.10155
Mondial Relay,50.37113,3.11017
Mondial Relay,45.83571,4.26885
Mondial Relay,48.93704,2.51779
Mondial Relay,49.47965,1.04424
Mondial Relay,47.36186,1.74237
Mondial Relay,48.8473,2.30445
Mondial Relay,43.30349,5.40133
Mondial Relay,43.16627,6.04097
Mondial Relay,49.43901,1.09258
Mondial Relay,49.57053,3.59834
Mondial Relay,43.78436,1.56392
Mondial Relay,49.26546,4.04442
Mondial Relay,48.836,2.23614
Mondial Relay,50.43754,2.92832
Mondial Relay,48.89273,2.37993
Mondial Relay,43.12885,6.09434
Mondial Relay,48.79181,2.53584
Mondial Relay,43.41099,3.68932
Mondial Relay,47.44139,0.74529
Mondial Relay,46.81208,1.69279
Mondial Relay,48.58784,0.65548
Mondial Relay,47.0737,1.81097
Mondial Relay,48.88325,1.45911
Mondial Relay,43.58535,1.5278
Mondial Relay,50.47199,3.24375
Mondial Relay,43.50408,2.40631
Mondial Relay,45.18512,5.74218
Mondial Relay,48.92276,2.25569
Mondial Relay,49.38677,3.33432
Mondial Relay,47.52473,-0.54891
Mondial Relay,48.52049,7.71649
Mondial Relay,48.69059,2.29372
Mondial Relay,44.85007,0.49284
Mondial Relay,48.79873,2.48607
Mondial Relay,47.7831,7.31666
Mondial Relay,48.82464,2.49922
Mondial Relay,48.03294,-1.66124
Mondial Relay,48.87514,2.28487
Mondial Relay,48.80001,2.18398
Mondial Relay,50.63854,1.75938
Mondial Relay,48.8078,2.41909
Mondial Relay,47.04171,-0.87323
Mondial Relay,43.49216,5.72733
Mondial Relay,45.36346,4.80225
Mondial Relay,46.45087,4.11919
Mondial Relay,43.45127,5.6826
Mondial Relay,45.44264,6.12078
Mondial Relay,48.78593,2.37115
Mondial Relay,48.49015,2.41661
Mondial Relay,45.74391,-0.35635
Mondial Relay,43.42657,5.28524
Mondial Relay,44.83765,-0.57413
Mondial Relay,49.85271,3.28343
Mondial Relay,48.79109,2.53168
Mondial Relay,44.91532,-0.42205
Mondial Relay,43.95125,4.81217
Mondial Relay,47.85798,7.26541
Mondial Relay,45.4326,4.38764
Mondial Relay,45.55452,4.23191
Mondial Relay,44.84247,-0.64627
Mondial Relay,48.90563,2.3903
Mondial Relay,43.17203,6.52944
Mondial Relay,48.60344,7.71402
Mondial Relay,49.24289,0.37938
Mondial Relay,50.35607,3.27765
Mondial Relay,48.77375,2.46703
Mondial Relay,48.90172,2.31456
Mondial Relay,43.6793,1.38949
Mondial Relay,47.78948,7.29216
Mondial Relay,48.11035,-1.67438
Mondial Relay,48.80382,2.61615
Mondial Relay,50.61137,2.98442
Mondial Relay,48.84161,2.30363
Mondial Relay,45.71119,0.14579
Mondial Relay,48.27672,-3.5438
Mondial Relay,43.72885,5.36986
Mondial Relay,43.14985,6.07302
Mondial Relay,47.5886,1.65823
Mondial Relay,48.64232,2.34267
Mondial Relay,45.74077,0.24219
Mondial Relay,48.73732,2.32775
Mondial Relay,50.18834,3.60934
Mondial Relay,48.6972,2.18728
Mondial Relay,41.66738,8.91833
Mondial Relay,48.87632,3.53758
Mondial Relay,47.33749,-1.26675
Mondial Relay,49.25382,5.96565
Mondial Relay,48.92022,2.4287
Mondial Relay,48.76637,2.40694
Mondial Relay,43.6378,1.43029
Mondial Relay,43.34205,3.21989
Mondial Relay,48.95556,2.38466
Mondial Relay,49.86943,0.71273
Mondial Relay,45.18326,0.7257
Mondial Relay,47.86367,-4.23972
Mondial Relay,48.78586,2.40279
Mondial Relay,48.50233,-4.42592
Mondial Relay,43.58253,1.44832
Mondial Relay,48.95697,2.32826
Mondial Relay,48.67752,2.37131
Mondial Relay,48.88413,2.40407
Mondial Relay,48.70154,3.24413
Mondial Relay,48.18657,-3.81373
Mondial Relay,45.34091,4.31313
Mondial Relay,46.17107,1.87015
Mondial Relay,43.3353,5.45079
Mondial Relay,48.44564,1.48941
Mondial Relay,45.33364,4.94707
Mondial Relay,43.25813,6.63218
Mondial Relay,45.23709,4.6704
Mondial Relay,50.44568,2.7274
Mondial Relay,43.83245,4.35775
Mondial Relay,48.97638,1.70991
Mondial Relay,46.93465,5.8774
Mondial Relay,42.65528,9.44295
Mondial Relay,43.71554,7.2913
Mondial Relay,49.51465,0.17462
Mondial Relay,46.47279,4.81025
Mondial Relay,49.02473,0.41559
Mondial Relay,48.66627,2.55849
Mondial Relay,50.44356,2.9043
Mondial Relay,48.6778,6.19817
Mondial Relay,44.54458,4.93797
Mondial Relay,48.87485,2.48192
Mondial Relay,48.89829,2.30181
Mondial Relay,48.67322,2.37578
Mondial Relay,44.7842,-0.49645
Mondial Relay,44.73304,5.00891
Mondial Relay,45.78559,3.13357
Mondial Relay,48.81088,2.29825
Mondial Relay,48.84378,2.31575
Mondial Relay,48.72858,2.44671
Mondial Relay,43.56611,7.00749
Mondial Relay,47.40725,0.68161
Mondial Relay,47.62269,-1.19754
Mondial Relay,43.63771,4.05591
Mondial Relay,45.79349,3.11167
Mondial Relay,48.84269,2.32855
Mondial Relay,49.5006,5.7315
Mondial Relay,48.76417,0.6285
Mondial Relay,48.66614,7.71946
Mondial Relay,43.63161,4.80814
Mondial Relay,43.26514,2.87634
Mondial Relay,46.74268,-1.11408
Mondial Relay,50.70136,3.21587
Mondial Relay,48.83849,2.48303
Mondial Relay,43.34771,5.44993
Mondial Relay,43.70685,2.69104
Mondial Relay,47.35984,-1.94295
Mondial Relay,48.96704,2.31712
Mondial Relay,48.90162,2.33819
Mondial Relay,44.38913,0.30744
Mondial Relay,46.28798,5.29368
Mondial Relay,49.49498,0.12552
Mondial Relay,49.05019,3.51409
Mondial Relay,50.52863,3.17511
Mondial Relay,43.39457,6.31323
Mondial Relay,49.29653,-1.5443
Mondial Relay,48.62525,2.35152
Mondial Relay,47.86594,2.12453
Mondial Relay,43.5515,-0.98451
Mondial Relay,49.8696,2.36067
Mondial Relay,48.26449,7.57805
Mondial Relay,44.94637,-0.24059
Mondial Relay,50.45338,1.61373
Mondial Relay,45.72773,4.88658
Mondial Relay,44.53585,0.62402
Mondial Relay,48.85793,2.37659
Mondial Relay,42.96611,1.60855
Mondial Relay,48.71061,2.48502
Mondial Relay,46.953,5.5013
Mondial Relay,46.56932,0.64584
Mondial Relay,50.08342,2.39232
Mondial Relay,48.87442,6.06101
Mondial Relay,50.42508,2.99929
Mondial Relay,48.89718,2.07692
Mondial Relay,43.3181,0.065
Mondial Relay,49.44273,2.08871
Mondial Relay,48.63054,2.55547
Mondial Relay,48.70505,2.42227
Mondial Relay,45.43605,4.41329
Mondial Relay,51.04101,2.39112
Mondial Relay,44.84195,4.81718
Mondial Relay,43.08253,5.87943
Mondial Relay,46.94778,-1.29631
Mondial Relay,46.62031,3.77261
Mondial Relay,43.6185,1.28371
Mondial Relay,49.73638,4.78253
Mondial Relay,47.4173,2.05489
Mondial Relay,47.63365,6.83669
Mondial Relay,48.26739,-2.06604
Mondial Relay,44.20982,-1.29578
Mondial Relay,49.69396,4.78852
Mondial Relay,48.81927,2.51146
Mondial Relay,49.04149,-0.98508
Mondial Relay,44.26928,1.3535
Mondial Relay,43.30096,6.22645
Mondial Relay,48.56904,2.17049
Mondial Relay,48.89313,2.29253
Mondial Relay,46.30697,4.48282
Mondial Relay,48.92604,2.36678
Mondial Relay,47.11862,0.42438
Mondial Relay,45.87132,-0.67055
Mondial Relay,49.04481,-0.32637
Mondial Relay,48.91315,2.25324
Mondial Relay,49.02207,1.13474
Mondial Relay,48.8179,2.4893
Mondial Relay,44.77459,-0.61429
Mondial Relay,44.17807,4.14904
Mondial Relay,43.50467,1.41196
Mondial Relay,43.86607,4.44103
Mondial Relay,47.09739,-1.38507
Mondial Relay,46.10721,-0.07102
Mondial Relay,47.32276,5.05272
Mondial Relay,48.60005,6.52962
Mondial Relay,48.87088,2.57636
Mondial Relay,48.83568,0.91329
Mondial Relay,49.67553,1.27821
Mondial Relay,46.78494,4.85229
Mondial Relay,47.1273,-2.12012
Mondial Relay,48.71215,1.76962
Mondial Relay,48.75313,2.31287
Mondial Relay,48.78906,2.48173
Mondial Relay,49.50623,-1.46466
Mondial Relay,47.3222,5.0528
Mondial Relay,43.79628,4.37881
Mondial Relay,44.90894,2.44669
Mondial Relay,42.69223,9.44978
Mondial Relay,49.04679,2.04503
Mondial Relay,46.25527,-0.54085
Mondial Relay,45.64797,-1.05301
Mondial Relay,43.5501,5.03441
Mondial Relay,43.34496,3.21974
Mondial Relay,46.9936,-1.73857
Mondial Relay,48.99487,2.37884
Mondial Relay,47.15765,-1.27403
Mondial Relay,49.50584,2.43122
Mondial Relay,49.27244,2.35878
Mondial Relay,43.68147,5.50039
Mondial Relay,49.31769,6.02528
Mondial Relay,47.88764,-3.91304
Mondial Relay,50.54966,3.03681
Mondial Relay,43.34737,5.37021
Mondial Relay,47.56278,-1.04299
Mondial Relay,48.86915,2.36014
Mondial Relay,46.68571,0.26783
Mondial Relay,48.73169,6.16502
Mondial Relay,44.95926,4.88409
Mondial Relay,43.73779,5.46483
Mondial Relay,48.85663,2.3955
Mondial Relay,47.39807,5.1345
Mondial Relay,49.00779,2.31789
Mondial Relay,43.09153,5.8435
Mondial Relay,44.17704,1.61954
Mondial Relay,47.50855,6.79562
Mondial Relay,49.43932,1.09149
Mondial Relay,48.87608,2.59856
Mondial Relay,48.95359,4.38469
Mondial Relay,43.51768,1.5614
Mondial Relay,47.45381,6.69003
Mondial Relay,49.08474,6.11082
Mondial Relay,43.66062,3.93178
Mondial Relay,45.79681,4.84242
Mondial Relay,48.68053,6.20463
Mondial Relay,48.76722,7.25824
Mondial Relay,48.99799,2.41468
Mondial Relay,50.35245,3.0643
Mondial Relay,43.33463,-0.39327
Mondial Relay,49.34901,4.07181
Mondial Relay,50.20409,3.81503
Mondial Relay,43.19725,0.11755
Mondial Relay,45.39769,4.26393
Mondial Relay,44.01844,4.86892
Mondial Relay,43.46149,3.42079
Mondial Relay,43.42917,5.43876
Mondial Relay,48.9679,2.31575
Mondial Relay,43.10559,-0.42767
Mondial Relay,48.9629,4.37221
Mondial Relay,46.99213,3.1451
Mondial Relay,43.3905,6.34115
Mondial Relay,46.2138,4.7753
Mondial Relay,48.8933,2.37363
Mondial Relay,43.62826,7.09587
Mondial Relay,43.29827,6.17689
Mondial Relay,45.76235,4.99499
Mondial Relay,49.09938,6.17307
Mondial Relay,45.76887,4.82998
Mondial Relay,45.21466,-1.12688
Mondial Relay,48.89013,2.36139
Mondial Relay,50.61842,3.07198
Mondial Relay,48.49641,2.80053
Mondial Relay,43.35064,5.37764
Mondial Relay,44.62764,4.41382
Mondial Relay,46.33738,2.60524
Mondial Relay,50.29764,3.91641
Mondial Relay,48.30268,5.83406
Mondial Relay,48.9183,2.39409
Mondial Relay,47.48353,6.83504
Mondial Relay,49.27855,-0.70719
Mondial Relay,50.16881,4.0241
Mondial Relay,43.44969,6.75406
Mondial Relay,46.74882,5.44469
Mondial Relay,48.99683,2.2546
Mondial Relay,48.7978,2.3992
Mondial Relay,49.46675,1.06993
Mondial Relay,48.29564,2.39107
Mondial Relay,46.73501,0.95369
Mondial Relay,47.83597,-0.34369
Mondial Relay,48.66574,2.54639
Mondial Relay,49.04894,2.09233
Mondial Relay,49.48026,2.04529
Mondial Relay,46.30104,-1.09618
Mondial Relay,43.61419,4.0125
Mondial Relay,43.52939,5.45078
Mondial Relay,49.10779,7.07121
Mondial Relay,48.99994,2.10733
Mondial Relay,43.52969,1.40379
Mondial Relay,47.19121,-1.54758
Mondial Relay,47.33276,0.42422
Mondial Relay,45.32639,5.56333
Mondial Relay,48.3047,-3.95429
Mondial Relay,48.69717,6.1674
Mondial Relay,48.68474,2.33037
Mondial Relay,49.62044,0.76321
Mondial Relay,44.83219,-0.57839
Mondial Relay,48.71425,2.2586
Mondial Relay,43.89036,1.97137
Mondial Relay,48.8411,2.30361
Mondial Relay,45.77266,4.81039
Mondial Relay,43.80783,4.99623
Mondial Relay,49.25551,4.03339
Mondial Relay,50.18957,3.17071
Mondial Relay,49.3017,-1.24915
Mondial Relay,48.87179,2.348
Mondial Relay,44.95315,-0.62989
Mondial Relay,46.60464,4.30015
Mondial Relay,48.97713,2.37319
Mondial Relay,48.86948,2.40923
Mondial Relay,48.86617,2.44466
Mondial Relay,49.39604,1.26096
Mondial Relay,49.42799,4.95468
Mondial Relay,44.88281,-0.52512
Mondial Relay,43.329,5.59592
Mondial Relay,50.7346,3.18536
Mondial Relay,46.95161,6.40014
Mondial Relay,43.94386,4.8183
Mondial Relay,48.96804,2.38309
Mondial Relay,43.3293,5.375
Mondial Relay,47.32993,1.1485
Mondial Relay,49.30203,2.24722
Mondial Relay,49.48953,0.10773
Mondial Relay,43.21939,6.14539
Mondial Relay,48.89707,2.34199
Mondial Relay,48.44102,6.74196
Mondial Relay,48.8895,2.40124
Mondial Relay,48.79297,2.51634
Mondial Relay,45.82837,4.77058
Mondial Relay,47.38022,6.00328
Mondial Relay,48.85547,2.38996
Mondial Relay,45.76705,4.83059
Mondial Relay,44.90131,4.95555
Mondial Relay,49.2864,-0.31302
Mondial Relay,43.94409,4.2273
Mondial Relay,48.84348,2.57743
Mondial Relay,43.1189,6.12917
Mondial Relay,45.77312,4.867
Mondial Relay,44.03093,4.37282
Mondial Relay,43.2498,5.5506
Mondial Relay,43.34079,-0.26504
Mondial Relay,48.88483,2.32548
Mondial Relay,44.04094,4.58062
Mondial Relay,48.86718,2.39947
Mondial Relay,49.79583,4.60017
Mondial Relay,46.15909,-1.147
Mondial Relay,47.8007,3.41898
Mondial Relay,49.4818,2.57659
Mondial Relay,46.75473,4.84681
Mondial Relay,46.1577,4.17328
Mondial Relay,43.87568,0.46314
Mondial Relay,43.90782,4.00013
Mondial Relay,47.93256,-2.40523
Mondial Relay,48.91103,2.3857
Mondial Relay,48.64994,7.72289
Mondial Relay,49.52218,0.1614
Mondial Relay,48.11913,-1.75396
Mondial Relay,48.72986,2.23785
Mondial Relay,48.61793,7.75436
Mondial Relay,47.71584,-0.91562
Mondial Relay,50.75809,2.60211
Mondial Relay,50.49084,2.95536
Mondial Relay,45.87659,3.1186
Mondial Relay,47.65904,-2.75452
Mondial Relay,50.34063,3.54784
Mondial Relay,44.55896,6.07795
Mondial Relay,45.12631,-0.66352
Mondial Relay,48.1917,-1.82765
Mondial Relay,48.94013,2.01958
Mondial Relay,43.49024,1.317
Mondial Relay,48.97625,1.91774
Mondial Relay,47.98304,0.91006
Mondial Relay,48.63818,4.94986
Mondial Relay,48.91535,2.27101
Mondial Relay,47.34358,5.01886
Mondial Relay,48.79795,2.33756
Mondial Relay,50.36341,3.11405
Mondial Relay,49.29762,0.91245
Mondial Relay,46.31347,4.93835
Mondial Relay,47.20487,-2.05965
Mondial Relay,42.90692,1.92889
Mondial Relay,48.83431,2.51581
Mondial Relay,50.15197,3.61629
Mondial Relay,48.42523,-4.46844
Mondial Relay,45.99114,4.71853
Mondial Relay,43.39636,-1.65798
Mondial Relay,48.5388,7.58051
Mondial Relay,50.68393,3.18267
Mondial Relay,50.07812,3.77042
Mondial Relay,48.18697,7.39349
Mondial Relay,49.42146,1.08155
Mondial Relay,47.74655,7.3328
Mondial Relay,48.91299,2.46599
Mondial Relay,47.85108,3.57897
Mondial Relay,43.63044,6.22428
Mondial Relay,45.85102,6.14493
Mondial Relay,47.95456,-4.35344
Mondial Relay,48.85257,2.38928
Mondial Relay,47.75868,-2.37569
Mondial Relay,43.21356,5.53983
Mondial Relay,48.69165,6.17669
Mondial Relay,48.39271,-4.48377
Mondial Relay,45.56965,6.74019
Mondial Relay,43.55684,7.02275
Mondial Relay,43.28612,5.39937
Mondial Relay,49.19665,4.18216
Mondial Relay,48.89213,2.34727
Mondial Relay,44.20304,0.62447
Mondial Relay,48.8083,2.43662
Mondial Relay,48.93492,2.5676
Mondial Relay,43.45828,1.57433
Mondial Relay,45.12138,0.6548
Mondial Relay,48.85652,2.53042
Mondial Relay,43.88239,0.98921
Mondial Relay,48.0787,7.36136
Mondial Relay,46.72036,5.79567
Mondial Relay,45.41825,4.41822
Mondial Relay,43.08218,6.1558
Mondial Relay,45.97755,3.51897
Mondial Relay,44.09091,3.07405
Mondial Relay,45.56762,5.42429
Mondial Relay,43.12539,5.82157
Mondial Relay,43.71128,7.29259
Mondial Relay,48.67426,5.89071
Mondial Relay,45.00906,-0.42448
Mondial Relay,47.1065,6.14636
Mondial Relay,47.08621,3.19274
Mondial Relay,46.58923,0.35679
Mondial Relay,47.49399,-0.58579
Mondial Relay,43.30547,5.39235
Mondial Relay,43.39292,5.36441
Mondial Relay,45.11907,4.97164
Mondial Relay,48.77884,2.40055
Mondial Relay,50.48297,2.39983
Mondial Relay,48.90842,2.26921
Mondial Relay,48.59703,2.49283
Mondial Relay,49.47367,1.74546
Mondial Relay,49.47933,3.52071
Mondial Relay,47.19602,-1.72397
Mondial Relay,45.48934,4.45014
Mondial Relay,48.70348,1.8545
Mondial Relay,50.66158,2.77729
Mondial Relay,47.72181,1.92914
Mondial Relay,50.17452,4.08901
Mondial Relay,49.44246,1.09542
Mondial Relay,48.70572,6.20287
Mondial Relay,46.61594,2.82398
Mondial Relay,48.87065,2.58829
Mondial Relay,46.79441,4.84814
Mondial Relay,50.74979,3.15481
Mondial Relay,48.78351,2.45414
Mondial Relay,42.70367,9.44229
Mondial Relay,48.83208,2.37166
Mondial Relay,48.82431,2.12934
Mondial Relay,48.83779,2.27806
Mondial Relay,48.91381,2.34403
Mondial Relay,48.83959,2.351
Mondial Relay,48.37925,1.44912
Mondial Relay,48.59902,7.76594
Mondial Relay,44.36709,2.59508
Mondial Relay,48.00917,6.71726
Mondial Relay,49.82771,3.27543
Mondial Relay,47.4799,-0.56577
Mondial Relay,47.19959,-1.43122
Mondial Relay,44.14195,2.16744
Mondial Relay,49.40087,0.24935
Mondial Relay,49.65233,-1.65343
Mondial Relay,49.20155,2.11962
Mondial Relay,47.80713,-1.93663
Mondial Relay,42.90759,1.82118
Mondial Relay,48.58031,2.56232
Mondial Relay,48.55703,6.97161
Mondial Relay,48.69277,6.16731
Mondial Relay,43.48674,-1.38728
Mondial Relay,46.8265,0.54541
Mondial Relay,43.68797,5.03962
Mondial Relay,49.01628,7.08195
Mondial Relay,49.50239,1.99623
Mondial Relay,43.71123,7.28138
Mondial Relay,48.44666,-2.06792
Mondial Relay,46.49634,-1.78243
Mondial Relay,47.74272,7.3294
Mondial Relay,43.92237,2.16353
Mondial Relay,43.58274,7.11992
Mondial Relay,47.29739,-1.5516
Mondial Relay,43.92634,2.12966
Mondial Relay,43.29128,5.37062
Mondial Relay,50.61688,3.02457
Mondial Relay,44.9023,5.00785
Mondial Relay,48.89364,2.47938
Mondial Relay,45.07333,-0.40836
Mondial Relay,43.83814,4.37419
Mondial Relay,50.41826,1.65101
Mondial Relay,48.89373,2.33711
Mondial Relay,45.78515,4.93126
Mondial Relay,46.76265,5.59684
Mondial Relay,43.93991,2.14872
Mondial Relay,48.57901,7.74294
Mondial Relay,49.92563,1.08004
Mondial Relay,46.77935,0.18717
Mondial Relay,48.54372,7.76517
Mondial Relay,48.76536,2.44589
Mondial Relay,43.43641,5.25859
Mondial Relay,49.49442,0.11001
Mondial Relay,49.03338,2.34022
Mondial Relay,44.91332,-0.42546
Mondial Relay,46.68058,0.56712
Mondial Relay,48.69464,5.91078
Mondial Relay,49.88926,2.2954
Mondial Relay,47.39039,0.67324
Mondial Relay,41.92318,8.73887
Mondial Relay,49.25591,2.43473
Mondial Relay,48.62003,-1.1741
Mondial Relay,45.77695,3.07819
Mondial Relay,49.37059,1.38414
Mondial Relay,48.80762,2.24211
Mondial Relay,43.37067,5.04374
Mondial Relay,50.63539,3.04393
Mondial Relay,48.95381,4.34958
Mondial Relay,42.54973,9.44196
Mondial Relay,46.76139,-1.99363
Mondial Relay,50.01049,2.19603
Mondial Relay,48.86855,2.34723
Mondial Relay,43.07942,5.80537
Mondial Relay,48.81355,-3.44332
Mondial Relay,48.94987,2.25349
Mondial Relay,48.83982,2.30589
Mondial Relay,50.9409,1.85044
Mondial Relay,46.4569,-1.16645
Mondial Relay,44.65034,-0.35567
Mondial Relay,45.79843,3.24897
Mondial Relay,45.73965,3.17082
Mondial Relay,48.64742,2.32716
Mondial Relay,44.99268,-0.43183
Mondial Relay,43.76399,4.05567
Mondial Relay,48.30625,4.0713
Mondial Relay,47.85591,6.33387
Mondial Relay,45.43569,4.38918
Mondial Relay,46.57544,0.3751
Mondial Relay,47.88978,2.51339
Mondial Relay,43.48943,2.37513
Mondial Relay,48.77361,1.98603
Mondial Relay,48.95124,2.60073
Mondial Relay,48.98803,1.79164
Mondial Relay,43.34272,5.46837
Mondial Relay,50.12244,3.17476
Mondial Relay,48.88587,2.38139
Mondial Relay,48.75782,3.98717
Mondial Relay,48.91272,2.25779
Mondial Relay,47.35668,-2.3697
Mondial Relay,48.87945,2.18219
Mondial Relay,43.65907,7.15057
Mondial Relay,48.30717,6.1336
Mondial Relay,46.45034,-0.80133
Mondial Relay,45.16331,5.75102
Mondial Relay,50.11959,3.92565
Mondial Relay,48.79783,2.70443
Mondial Relay,46.4494,4.1182
Mondial Relay,48.04864,-3.64391
Mondial Relay,43.45911,2.00564
Mondial Relay,48.77843,2.46901
Mondial Relay,48.80006,2.07239
Mondial Relay,43.15033,6.03942
Mondial Relay,43.63949,3.96286
Mondial Relay,48.12228,-0.01623
Mondial Relay,48.79083,2.39933
Mondial Relay,48.50773,2.60837
Mondial Relay,47.55241,-1.53059
Mondial Relay,48.06792,-1.72138
Mondial Relay,48.28052,4.07971
Mondial Relay,43.1145,0.76383
Mondial Relay,43.51637,4.96281
Mondial Relay,48.58615,7.77175
Mondial Relay,43.10297,5.87821
Mondial Relay,49.84719,2.66941
Mondial Relay,45.86919,-0.31844
Mondial Relay,45.26945,1.77423
Mondial Relay,44.9904,-0.27348
Mondial Relay,50.51477,2.61162
Mondial Relay,45.82193,4.86348
Mondial Relay,49.48427,1.71596
Mondial Relay,47.29608,-2.20967
Mondial Relay,48.69417,6.19658
Mondial Relay,47.92478,-0.80405
Mondial Relay,46.63554,-1.17295
Mondial Relay,48.27112,7.45469
Mondial Relay,44.68286,6.07536
Mondial Relay,45.18845,5.72236
Mondial Relay,43.88156,5.38267
Mondial Relay,45.20719,5.74473
Mondial Relay,46.89405,-1.84809
Mondial Relay,46.99798,5.14675
Mondial Relay,45.74925,4.84451
Mondial Relay,48.87403,2.39008
Mondial Relay,44.63462,3.67647
Mondial Relay,48.70578,2.21217
Mondial Relay,42.62808,9.43124
Mondial Relay,48.90053,2.15268
Mondial Relay,48.26992,6.39693
Mondial Relay,48.40593,-4.0787
Mondial Relay,47.76518,-0.32437
Mondial Relay,48.87572,2.34462
Mondial Relay,47.46039,-0.53768
Mondial Relay,42.59938,9.49423
Mondial Relay,43.18631,3.01893
Mondial Relay,49.08792,1.49355
Mondial Relay,45.01713,5.29316
Mondial Relay,43.31001,5.40087
Mondial Relay,45.74817,4.84145
Mondial Relay,48.02837,0.17281
Mondial Relay,50.8881,2.38681
Mondial Relay,43.88044,5.38449
Mondial Relay,48.82586,1.98701
Mondial Relay,49.03369,2.4726
Mondial Relay,47.94851,5.00802
Mondial Relay,48.75004,2.32332
Mondial Relay,48.84919,2.30118
Mondial Relay,49.02135,3.19301
Mondial Relay,47.06297,6.60653
Mondial Relay,45.86705,5.94375
Mondial Relay,43.71057,-1.05592
Mondial Relay,43.61609,1.08304
Mondial Relay,42.62343,9.43753
Mondial Relay,47.86698,-3.58356
Mondial Relay,45.62874,5.57669
Mondial Relay,48.8028,2.18863
Mondial Relay,45.84224,3.51514
Mondial Relay,48.43791,1.45591
Mondial Relay,44.77552,-0.59549
Mondial Relay,43.49637,1.51871
Mondial Relay,43.12439,6.00771
Mondial Relay,48.29446,4.06733
Mondial Relay,48.84949,2.39265
Mondial Relay,47.69589,0.41765
Mondial Relay,43.10921,0.72262
Mondial Relay,49.78749,0.99904
Mondial Relay,48.44214,0.07186
Mondial Relay,48.88962,2.36208
Mondial Relay,46.08151,6.54151
Mondial Relay,43.4607,5.4065
Mondial Relay,50.63769,3.06701
Mondial Relay,48.91856,2.40859
Mondial Relay,48.86664,7.68183
Mondial Relay,43.30648,5.39941
Mondial Relay,43.50363,6.48427
Mondial Relay,48.88403,2.35996
Mondial Relay,50.26365,3.96183
Mondial Relay,50.41643,2.77701
Mondial Relay,50.67052,2.90588
Mondial Relay,46.95166,-0.08178
Mondial Relay,45.84253,1.26402
Mondial Relay,49.98539,3.45809
Mondial Relay,43.3181,2.87098
Mondial Relay,45.77583,4.83474
Mondial Relay,43.62273,6.75318
Mondial Relay,48.37189,-4.58876
Mondial Relay,43.88792,5.37517
Mondial Relay,49.63983,-1.62586
Mondial Relay,43.31359,5.4135
Mondial Relay,44.35595,5.12731
Mondial Relay,48.82221,2.3592
Mondial Relay,49.14369,0.22095
Mondial Relay,43.08791,1.87778
Mondial Relay,48.9609,2.29081
Mondial Relay,50.99226,2.21797
Mondial Relay,49.48904,1.05103
Mondial Relay,45.76156,4.85598
Mondial Relay,47.69869,-0.05908
Mondial Relay,48.87624,2.41578
Mondial Relay,47.13681,-2.19181
Mondial Relay,42.93416,2.22119
Mondial Relay,43.09626,5.8131
Mondial Relay,51.00557,2.27771
Mondial Relay,49.57166,2.98166
Mondial Relay,43.19181,6.04187
Mondial Relay,48.88582,2.34684
Mondial Relay,48.83587,2.30985
Mondial Relay,43.78137,4.07969
Mondial Relay,44.91994,0.9269
Mondial Relay,44.94297,4.85954
Mondial Relay,45.53643,0.66498
Mondial Relay,47.7077,-1.38646
Mondial Relay,43.53461,6.93277
Mondial Relay,43.53452,5.41076
Mondial Relay,48.70393,2.11331
Mondial Relay,43.33867,3.20576
Mondial Relay,47.44618,-2.31825
Mondial Relay,43.83778,4.36203
Mondial Relay,48.89103,2.33942
Mondial Relay,48.97592,2.83885
Mondial Relay,45.44076,4.40326
Mondial Relay,48.27277,-3.56706
Mondial Relay,48.85975,2.02302
Mondial Relay,45.12535,2.97656
Mondial Relay,43.18441,2.99533
Mondial Relay,48.91222,2.44668
Mondial Relay,48.68931,6.1919
Mondial Relay,45.83315,1.24807
Mondial Relay,50.47273,3.52486
Mondial Relay,49.03785,3.39113
Mondial Relay,43.14554,6.15268
Mondial Relay,49.52081,5.3679
Mondial Relay,49.66578,0.50248
Mondial Relay,44.72791,5.0214
Mondial Relay,47.56155,7.45325
Mondial Relay,46.00201,5.02855
Mondial Relay,43.07245,5.90727
Mondial Relay,50.2777,2.82257
Mondial Relay,43.65349,6.94317
Mondial Relay,46.09858,3.44496
Mondial Relay,48.43158,2.15078
Mondial Relay,45.77252,4.82172
Mondial Relay,49.28897,0.92444
Mondial Relay,49.87872,2.30418
Mondial Relay,43.33065,6.04845
Mondial Relay,49.99169,1.87606
Mondial Relay,49.92385,4.08054
Mondial Relay,44.01614,1.36764
Mondial Relay,48.83675,2.40183
Mondial Relay,48.27099,1.62612
Mondial Relay,48.8273,2.54282
Mondial Relay,47.76813,1.6899
Mondial Relay,49.39695,4.38344
Mondial Relay,43.76535,7.48629
Mondial Relay,43.55054,6.97625
Mondial Relay,43.10057,5.88268
Mondial Relay,48.57814,6.52169
Mondial Relay,48.96482,2.53045
Mondial Relay,47.52601,-2.64594
Mondial Relay,48.48358,3.29505
Mondial Relay,48.92595,2.21188
Mondial Relay,47.26074,-2.33656
Mondial Relay,48.92757,2.2946
Mondial Relay,43.67131,7.22233
Mondial Relay,46.76689,-1.50526
Mondial Relay,43.55047,5.19401
Mondial Relay,45.63687,4.38842
Mondial Relay,47.66853,6.84349
Mondial Relay,42.74208,9.46146
Mondial Relay,45.15072,5.70546
Mondial Relay,49.36352,4.16899
Mondial Relay,48.75441,0.60444
Mondial Relay,49.42045,2.80953
Mondial Relay,43.94957,4.6843
Mondial Relay,45.83053,3.10285
Mondial Relay,45.7853,3.06492
Mondial Relay,48.44837,1.24147
Mondial Relay,43.70264,7.28884
Mondial Relay,42.711,2.85647
Mondial Relay,50.94421,1.86989
Mondial Relay,48.82658,2.31128
Mondial Relay,43.62527,0.87795
Mondial Relay,47.84736,-0.94858
Mondial Relay,47.32822,-2.4143
Mondial Relay,45.18133,5.6972
Mondial Relay,50.70947,3.20684
Mondial Relay,49.7877,4.6942
Mondial Relay,50.37228,3.08603
Mondial Relay,47.75531,7.34282
Mondial Relay,48.73919,2.60568
Mondial Relay,45.23603,5.67491
Mondial Relay,43.09894,5.88472
Mondial Relay,48.62727,2.59253
Mondial Relay,45.18559,5.7116
Mondial Relay,48.87591,2.52133
Mondial Relay,45.69132,-1.05687
Mondial Relay,43.49204,-1.47322
Mondial Relay,47.83204,1.96792
Mondial Relay,45.04927,-0.11644
Mondial Relay,48.82036,2.30868
Mondial Relay,46.89466,-0.23977
Mondial Relay,45.64105,5.62788
Mondial Relay,46.74103,-1.61035
Mondial Relay,43.46379,6.63479
Mondial Relay,48.89387,2.24757
Mondial Relay,48.96089,2.30733
Mondial Relay,48.6068,-2.03558
Mondial Relay,48.91098,2.52372
Mondial Relay,48.68482,2.17789
Mondial Relay,50.6859,3.1871
Mondial Relay,48.84286,2.2825
Mondial Relay,48.97156,1.84789
Mondial Relay,48.04554,2.73896
Mondial Relay,43.63044,5.15056
Mondial Relay,48.94675,2.86978
Mondial Relay,48.67499,2.32454
Mondial Relay,48.86576,2.38378
Mondial Relay,47.50918,6.79426
Mondial Relay,47.80226,1.04803
Mondial Relay,48.94362,2.24927
Mondial Relay,43.23544,1.57519
Mondial Relay,48.76321,2.40118
Mondial Relay,48.70321,2.48539
Mondial Relay,50.69418,2.91289
Mondial Relay,43.31188,2.91035
Mondial Relay,49.44575,1.08577
Mondial Relay,49.49098,1.04683
Mondial Relay,50.41549,3.05401
Mondial Relay,50.46681,2.54573
Mondial Relay,47.57569,6.75964
Mondial Relay,44.57504,-0.25421
Mondial Relay,48.90556,2.44183
Mondial Relay,43.55379,6.97345
Mondial Relay,48.59142,6.50679
Mondial Relay,48.62494,-2.00171
Mondial Relay,44.02576,1.33229
Mondial Relay,48.09968,-4.01366
Mondial Relay,44.08091,3.04075
Mondial Relay,50.33042,3.60106
Mondial Relay,48.91722,2.40641
Mondial Relay,48.86429,2.40961
Mondial Relay,43.92884,2.14514
Mondial Relay,48.92852,2.29296
Mondial Relay,45.05399,4.83879
Mondial Relay,48.71729,-0.12354
Mondial Relay,43.69228,3.16635
Mondial Relay,49.72372,1.62693
Mondial Relay,43.64019,6.95001
Mondial Relay,48.11891,-1.68886
Mondial Relay,47.3207,0.91607
Mondial Relay,43.60838,1.34409
Mondial Relay,45.1306,5.58055
Mondial Relay,45.04,3.08729
Mondial Relay,48.51442,-2.75976
Mondial Relay,44.04901,4.02022
Mondial Relay,48.02238,0.22613
Mondial Relay,49.1462,1.78553
Mondial Relay,45.15778,1.53146
Mondial Relay,49.04775,2.03367
Mondial Relay,45.90524,-1.25858
Mondial Relay,46.65945,-0.78599
Mondial Relay,43.57816,6.99791
Mondial Relay,48.92295,2.25203
Mondial Relay,48.68834,2.38144
Mondial Relay,47.76048,-3.38358
Mondial Relay,48.98821,-1.51869
Mondial Relay,47.20678,5.9995
Mondial Relay,43.28077,-0.33279
Mondial Relay,46.33678,-0.39913
Mondial Relay,46.30379,4.83379
Mondial Relay,46.71991,-1.01984
Mondial Relay,45.77482,3.0952
Mondial Relay,48.903,6.05375
Mondial Relay,45.54851,2.31109
Mondial Relay,48.17259,0.24559
Mondial Relay,48.78456,2.04267
Mondial Relay,43.30523,5.38403
Mondial Relay,48.82799,2.33082
Mondial Relay,46.5156,-1.38779
Mondial Relay,48.79052,2.39324
Mondial Relay,47.66157,-2.45719
Mondial Relay,45.18749,5.72294
Mondial Relay,48.4365,1.44685
Mondial Relay,48.9313,2.42703
Mondial Relay,47.98304,-4.10882
Mondial Relay,49.39321,1.05951
Mondial Relay,48.85203,2.7148
Mondial Relay,49.64344,-1.64432
Mondial Relay,44.63949,-1.06084
Mondial Relay,48.94541,3.11157
Mondial Relay,49.03129,2.36273
Mondial Relay,47.75613,1.19354
Mondial Relay,48.67253,2.21402
Mondial Relay,45.85487,4.68088
Mondial Relay,43.42492,5.2777
Mondial Relay,48.68189,6.16272
Mondial Relay,44.40818,0.21977
Mondial Relay,43.28568,5.55408
Mondial Relay,44.61289,0.35973
Mondial Relay,48.69206,6.18676
Mondial Relay,48.68451,-3.9859
Mondial Relay,44.61325,-1.07151
Mondial Relay,49.86087,3.29986
Mondial Relay,50.40159,3.60322
Mondial Relay,41.9965,9.40227
Mondial Relay,48.58992,7.74473
Mondial Relay,46.17618,-1.16714
Mondial Relay,48.51428,-2.74094
Mondial Relay,49.11963,-1.08727
Mondial Relay,48.78559,2.04478
Mondial Relay,48.9166,2.36171
Mondial Relay,48.88596,2.62882
Mondial Relay,48.88153,2.23497
Mondial Relay,50.11109,1.83825
Mondial Relay,48.33548,2.74482
Mondial Relay,49.17462,-0.34263
Mondial Relay,48.73326,0.91826
Mondial Relay,45.69919,5.92883
Mondial Relay,49.02507,2.46467
Mondial Relay,43.24148,3.27155
Mondial Relay,47.27135,-1.33228
Mondial Relay,48.8712,2.40128
Mondial Relay,45.58838,4.75986
Mondial Relay,43.39332,5.1928
Mondial Relay,48.88045,2.35182
Mondial Relay,47.25856,-2.30639
Mondial Relay,49.19026,-0.34412
Mondial Relay,43.44769,6.47962
Mondial Relay,47.73873,-3.36892
Mondial Relay,48.89308,2.34281
Mondial Relay,43.33795,5.35637
Mondial Relay,48.10429,5.82248
Mondial Relay,43.30815,5.43125
Mondial Relay,48.88511,2.29205
Mondial Relay,49.77164,2.4791
Mondial Relay,48.90965,1.8551
Mondial Relay,47.8414,-1.68128
Mondial Relay,47.82674,-0.70648
Mondial Relay,45.78006,3.07264
Mondial Relay,43.70266,7.19514
Mondial Relay,48.97554,2.03324
Mondial Relay,47.32494,-0.05487
Mondial Relay,50.52293,3.06223
Mondial Relay,49.43026,2.07054
Mondial Relay,48.80297,7.8362
Mondial Relay,49.65011,2.58136
Mondial Relay,48.80201,2.1613
Mondial Relay,43.5911,2.26682
Mondial Relay,49.21222,6.1234
Mondial Relay,41.92463,8.73772
Mondial Relay,45.80981,4.85715
Mondial Relay,45.38725,4.28711
Mondial Relay,49.11616,6.1772
Mondial Relay,43.56064,1.53022
Mondial Relay,41.92346,8.73885
Mondial Relay,43.43457,4.94428
Mondial Relay,47.82323,3.57617
Mondial Relay,48.94083,2.35106
Mondial Relay,48.83684,2.2893
Mondial Relay,47.45848,3.51942
Mondial Relay,43.72203,7.11468
Mondial Relay,43.35061,3.21832
Mondial Relay,50.04559,1.52637
Mondial Relay,48.52535,2.00919
Mondial Relay,45.73635,4.80453
Mondial Relay,45.67191,5.47094
Mondial Relay,49.21969,-0.36806
Mondial Relay,43.59421,4.93909
Mondial Relay,48.88088,2.42605
Mondial Relay,46.15172,-1.14941
Mondial Relay,49.27588,-0.69783
Mondial Relay,49.04987,2.50148
Mondial Relay,43.92789,4.78988
Mondial Relay,49.14862,6.16287
Mondial Relay,43.13095,-0.20108
Mondial Relay,45.84877,5.11958
Mondial Relay,48.9337,2.33855
Mondial Relay,43.60261,1.26155
Mondial Relay,42.54796,2.97341
Mondial Relay,48.82106,2.3707
Mondial Relay,46.66231,-1.43386
Mondial Relay,45.5433,5.39711
Mondial Relay,48.95047,2.06809
Mondial Relay,47.88849,-3.01265
Mondial Relay,43.40764,5.05338
Mondial Relay,45.95682,2.17062
Mondial Relay,49.50524,4.36269
Mondial Relay,49.53141,-1.59129
Mondial Relay,48.12153,-1.70959
Mondial Relay,43.33417,3.22244
Mondial Relay,48.36449,-4.67128
Mondial Relay,48.9079,2.38281
Mondial Relay,48.81229,2.52602
Mondial Relay,49.48249,0.80673
Mondial Relay,47.04128,0.81459
Mondial Relay,48.1403,7.25986
Mondial Relay,43.57828,7.05559
Mondial Relay,48.99857,2.24141
Mondial Relay,50.95754,1.87244
Mondial Relay,43.55109,6.00203
Mondial Relay,48.99381,1.69721
Mondial Relay,48.81479,2.37042
Mondial Relay,48.80117,2.31809
Mondial Relay,47.52824,-0.61045
Mondial Relay,43.6638,2.34787
Mondial Relay,49.25218,6.09456
Mondial Relay,48.74345,2.50399
Mondial Relay,48.95022,2.90594
Mondial Relay,49.45641,1.12883
Mondial Relay,47.21025,-0.72542
Mondial Relay,48.59373,-0.64894
Mondial Relay,43.54593,3.978
Mondial Relay,48.83094,2.31976
Mondial Relay,49.24952,1.18048
Mondial Relay,49.1008,6.15458
Mondial Relay,48.88103,2.34964
Mondial Relay,50.75272,3.12023
Mondial Relay,48.89711,2.4003
Mondial Relay,43.36233,-1.6997
Mondial Relay,43.35113,5.47157
Mondial Relay,45.04913,3.90962
Mondial Relay,42.69646,2.92092
Mondial Relay,48.83764,2.40163
Mondial Relay,48.11692,-1.6778
Mondial Relay,45.98495,4.71817
Mondial Relay,44.55879,6.08084
Mondial Relay,47.61183,6.85951
Mondial Relay,48.86958,2.35098
Mondial Relay,48.9149,2.48377
Mondial Relay,43.14212,6.02044
Mondial Relay,48.69831,2.29486
Mondial Relay,46.1224,4.95234
Mondial Relay,43.42298,6.76948
Mondial Relay,47.41754,1.02341
Mondial Relay,46.61175,-1.57775
Mondial Relay,49.63562,-1.59408
Mondial Relay,48.10725,-1.21153
Mondial Relay,49.25767,2.48033
Mondial Relay,48.87064,2.32789
Mondial Relay,43.0098,-0.09787
Mondial Relay,43.2906,5.35657
Mondial Relay,45.89289,5.25482
Mondial Relay,45.75786,4.88226
Mondial Relay,50.00413,3.92035
Mondial Relay,45.17789,5.71603
Mondial Relay,48.10787,-1.70085
Mondial Relay,49.69621,4.0158
Mondial Relay,43.30362,5.3707
Mondial Relay,49.00093,1.70016
Mondial Relay,49.35384,0.51166
Mondial Relay,48.82911,2.57075
Mondial Relay,48.79538,2.06472
Mondial Relay,48.36933,7.59544
Mondial Relay,48.29854,-2.51643
Mondial Relay,48.39526,6.97787
Mondial Relay,43.91807,2.02953
Mondial Relay,43.24051,0.09456
Mondial Relay,45.81402,3.10964
Mondial Relay,46.67629,5.52474
Mondial Relay,43.48772,3.67009
Mondial Relay,47.90002,1.88313
Mondial Relay,47.81054,3.57144
Mondial Relay,45.77724,3.08522
Mondial Relay,45.68434,2.80437
Mondial Relay,45.62786,5.30811
Mondial Relay,44.76923,-0.43454
Mondial Relay,50.45893,3.2892
Mondial Relay,48.90158,2.39377
Mondial Relay,48.87781,2.17566
Mondial Relay,49.51735,5.753
Mondial Relay,50.61508,2.97741
Mondial Relay,44.82957,-0.18555
Mondial Relay,51.02391,2.33549
Mondial Relay,45.57229,5.95065
Mondial Relay,49.39719,4.70341
Mondial Relay,48.90529,2.34441
Mondial Relay,48.80206,2.45512
Mondial Relay,45.89192,3.11424
Mondial Relay,50.71423,3.17855
Mondial Relay,43.44089,5.42341
Mondial Relay,48.90426,2.25579
Mondial Relay,43.43472,1.66315
Mondial Relay,46.08039,4.75825
Mondial Relay,47.05381,-1.51135
Mondial Relay,46.57544,0.3751
Mondial Relay,48.35891,5.69287
Mondial Relay,48.88512,2.38095
Mondial Relay,48.74604,-2.98295
Mondial Relay,47.79538,1.0677
Mondial Relay,47.75233,7.33683
Mondial Relay,48.04119,7.13573
Mondial Relay,48.78622,2.36668
Mondial Relay,48.81926,2.32312
Mondial Relay,50.36324,3.53043
Mondial Relay,49.04929,2.03318
Mondial Relay,48.88339,2.37324
Mondial Relay,43.18212,5.61274
Mondial Relay,43.44878,5.24485
Mondial Relay,46.57789,0.33686
Mondial Relay,48.50882,4.57307
Mondial Relay,48.93715,2.35945
Mondial Relay,48.99639,2.09831
Mondial Relay,43.59842,1.43633
Mondial Relay,44.4977,4.78745
Mondial Relay,45.73512,-0.64514
Mondial Relay,44.30881,2.24101
Mondial Relay,47.85869,-2.99887
Mondial Relay,48.61425,7.75494
Mondial Relay,46.21323,5.24204
Mondial Relay,48.62245,6.34944
Mondial Relay,44.53363,5.82081
Mondial Relay,47.79534,3.58889
Mondial Relay,50.41767,2.94677
Mondial Relay,48.69377,2.41327
Mondial Relay,45.9033,4.62185
Mondial Relay,49.15303,6.14423
Mondial Relay,45.34181,5.06603
Mondial Relay,44.89501,-0.49976
Mondial Relay,46.03465,4.07211
Mondial Relay,42.66352,2.84478
Mondial Relay,48.21525,3.27928
Mondial Relay,46.59603,0.35202
Mondial Relay,45.18749,4.79873
Mondial Relay,48.59689,6.47734
Mondial Relay,48.09112,-1.68088
Mondial Relay,48.83269,2.31562
Mondial Relay,45.9504,5.32324
Mondial Relay,48.38739,-4.48806
Mondial Relay,49.66322,4.54896
Mondial Relay,48.88334,2.33127
Mondial Relay,48.86338,2.40761
Mondial Relay,48.87197,2.39831
Mondial Relay,48.83503,1.90928
Mondial Relay,45.84722,3.53319
Mondial Relay,48.89631,2.32872
Mondial Relay,50.54723,2.98585
Mondial Relay,43.45645,5.85164
Mondial Relay,47.28419,0.78045
Mondial Relay,47.91379,1.95124
Mondial Relay,43.61551,1.44358
Mondial Relay,46.79896,6.30416
Mondial Relay,47.2748,0.1641
Mondial Relay,49.29346,0.95265
Mondial Relay,48.88419,2.71043
Mondial Relay,45.96215,6.00445
Mondial Relay,48.2931,6.94186
Mondial Relay,45.81648,3.11037
Mondial Relay,45.12614,1.73415
Mondial Relay,48.65036,4.95922
Mondial Relay,45.54191,3.24398
Mondial Relay,48.79557,2.30211
Mondial Relay,44.91479,2.43146
Mondial Relay,48.86959,2.67933
Mondial Relay,50.03429,4.1221
Mondial Relay,50.43827,3.06078
Mondial Relay,49.51747,0.08977
Mondial Relay,49.03706,1.58215
Mondial Relay,48.84037,2.23772
Mondial Relay,46.43422,1.83034
Mondial Relay,45.77934,4.83411
Mondial Relay,48.77298,5.15995
Mondial Relay,49.97786,2.65668
Mondial Relay,49.46721,1.14315
Mondial Relay,43.13283,5.97615
Mondial Relay,43.06883,0.15511
Mondial Relay,46.10483,4.74709
Mondial Relay,44.38318,4.99062
Mondial Relay,47.90201,1.90244
Mondial Relay,47.2829,-2.26104
Mondial Relay,46.67343,5.54633
Mondial Relay,47.33827,5.06924
Mondial Relay,48.891,2.403
Mondial Relay,43.42516,6.77011
Mondial Relay,44.05655,5.04624
Mondial Relay,48.18854,7.33705
Mondial Relay,48.88239,2.70385
Mondial Relay,47.38464,0.84205
Mondial Relay,45.60646,4.06701
Mondial Relay,46.12431,3.42458
Mondial Relay,48.80254,1.67097
Mondial Relay,48.1126,-1.66669
Mondial Relay,46.11687,-0.93375
Mondial Relay,43.20715,1.08653
Mondial Relay,48.55924,3.15512
Mondial Relay,42.70488,9.45334
Mondial Relay,48.95121,2.38169
Mondial Relay,45.40523,3.31759
Mondial Relay,50.7122,2.68211
Mondial Relay,45.95769,2.17267
Mondial Relay,47.4936,4.3352
Mondial Relay,48.49324,3.50161
Mondial Relay,43.1124,5.81318
Mondial Relay,43.28061,-0.35986
Mondial Relay,45.77323,4.89362
Mondial Relay,43.12262,5.93142
Mondial Relay,48.78995,2.31165
Mondial Relay,44.00948,4.87313
Mondial Relay,48.56609,2.17064
Mondial Relay,45.35882,5.95647
Mondial Relay,48.63241,6.30646
Mondial Relay,46.8555,-1.83008
Mondial Relay,43.6075,3.87462
Mondial Relay,46.20436,5.22754
Mondial Relay,49.09298,6.24331
Mondial Relay,49.89657,2.29407
Mondial Relay,49.51923,0.53418
Mondial Relay,45.49998,4.24238
Mondial Relay,47.37308,0.69535
Mondial Relay,48.89197,2.32188
Mondial Relay,43.3933,5.3407
Mondial Relay,46.46409,4.77486
Mondial Relay,43.29292,5.40869
Mondial Relay,43.60954,1.45324
Mondial Relay,48.92096,2.24425
Mondial Relay,42.50189,9.46413
Mondial Relay,42.99246,1.14569
Mondial Relay,43.29855,5.38808
Mondial Relay,47.46581,1.87436
Mondial Relay,47.48685,-1.92733
Mondial Relay,48.7776,-0.44559
Mondial Relay,46.52353,5.60973
Mondial Relay,46.90955,-2.03116
Mondial Relay,47.99535,1.23206
Mondial Relay,48.86686,2.70724
Mondial Relay,43.63608,-0.61481
Mondial Relay,48.95336,2.38253
Mondial Relay,45.3981,4.226
Mondial Relay,47.39357,-1.4547
Mondial Relay,44.87001,0.37683
Mondial Relay,44.03741,2.52176
Mondial Relay,48.85204,2.40326
Mondial Relay,49.2427,4.03888
Mondial Relay,41.93068,8.73379
Mondial Relay,49.28927,1.80925
Mondial Relay,47.20921,-1.59663
Mondial Relay,48.62035,2.49396
Mondial Relay,48.73048,1.34021
Mondial Relay,46.66904,-1.28685
Mondial Relay,48.93235,2.39261
Mondial Relay,48.86751,2.38546
Mondial Relay,48.83936,2.28249
Mondial Relay,48.91831,2.27949
Mondial Relay,48.51225,0.35333
Mondial Relay,46.10899,4.74814
Mondial Relay,50.00889,3.60634
Mondial Relay,44.09196,4.07918
Mondial Relay,50.96865,2.43282
Mondial Relay,48.86198,2.11712
Mondial Relay,48.82714,2.5417
Mondial Relay,45.85155,5.05615
Mondial Relay,44.06486,0.42875
Mondial Relay,43.22827,0.07775
Mondial Relay,48.84234,2.29048
Mondial Relay,44.77886,1.72462
Mondial Relay,43.50132,3.31734
Mondial Relay,48.1946,-4.09399
Mondial Relay,45.56154,4.80791
Mondial Relay,43.72484,7.28463
Mondial Relay,44.96904,-0.72332
Mondial Relay,47.52794,-2.76776
Mondial Relay,47.13928,-0.20765
Mondial Relay,43.70975,4.80372
Mondial Relay,47.80478,-3.2787
Mondial Relay,48.89245,2.37977
Mondial Relay,49.94503,3.09953
Mondial Relay,45.73311,3.06371
Mondial Relay,43.27327,5.41438
Mondial Relay,49.56685,0.95359
Mondial Relay,43.99605,5.05834
Mondial Relay,50.98157,2.58528
Mondial Relay,48.89645,2.40153
Mondial Relay,45.79295,3.09192
Mondial Relay,48.92036,2.27061
Mondial Relay,45.82512,3.14479
Mondial Relay,48.84723,2.35223
Mondial Relay,46.16266,-1.18179
Mondial Relay,48.83762,2.28266
Mondial Relay,47.18577,-1.86012
Mondial Relay,48.45105,1.46208
Mondial Relay,46.96361,-1.11404
Mondial Relay,48.60533,-4.50326
Mondial Relay,47.45031,-2.12753
Mondial Relay,45.25772,1.40978
Mondial Relay,46.91002,6.34066
Mondial Relay,43.58368,7.11582
Mondial Relay,48.7249,7.02133
Mondial Relay,44.41266,-0.36335
Mondial Relay,50.46049,2.82814
Mondial Relay,49.04811,2.20182
Mondial Relay,50.73562,2.73431
Mondial Relay,48.88324,2.36803
Mondial Relay,49.64412,0.26508
Mondial Relay,43.50276,0.39453
Mondial Relay,45.80607,-0.75085
Mondial Relay,48.0558,-1.52479
Mondial Relay,48.96412,2.91186
Mondial Relay,43.57899,6.94892
Mondial Relay,43.45701,5.24798
Mondial Relay,45.75235,4.83146
Mondial Relay,43.28815,5.39441
Mondial Relay,48.54047,7.34569
Mondial Relay,46.03921,5.40972
Mondial Relay,49.22956,2.89304
Mondial Relay,49.3039,-1.24549
Mondial Relay,48.40398,-4.50718
Mondial Relay,50.03544,3.4688
Mondial Relay,48.41645,-1.74905
Mondial Relay,47.01548,3.08279
Mondial Relay,45.6667,-0.3333
Mondial Relay,46.16172,-1.1041
Mondial Relay,45.74001,4.8587
Mondial Relay,48.8395,2.39295
Mondial Relay,48.89266,2.34156
Mondial Relay,48.49197,-2.76545
Mondial Relay,43.09547,5.83235
Mondial Relay,49.00764,2.97492
Mondial Relay,48.63955,2.43675
Mondial Relay,44.76698,-0.33415
Mondial Relay,48.57021,7.75673
Mondial Relay,43.99601,1.33743
Mondial Relay,45.52802,4.28847
Mondial Relay,48.77683,1.80663
Mondial Relay,45.77613,3.08606
Mondial Relay,48.7749,1.99744
Mondial Relay,48.92456,2.29116
Mondial Relay,48.7663,2.16919
Mondial Relay,47.81219,7.09868
Mondial Relay,43.54418,5.18541
Mondial Relay,48.14779,2.76448
Mondial Relay,48.44751,-4.76074
Mondial Relay,48.58782,2.25156
Mondial Relay,49.82991,3.30611
Mondial Relay,45.77738,4.81606
Mondial Relay,48.87935,2.6215
Mondial Relay,47.30954,4.70953
Mondial Relay,46.20032,5.21589
Mondial Relay,44.90441,6.62932
Mondial Relay,48.95315,2.88985
Mondial Relay,50.31148,3.57344
Mondial Relay,48.87552,2.38896
Mondial Relay,46.80427,1.68233
Mondial Relay,48.67324,2.37647
Mondial Relay,42.67348,9.44296
Mondial Relay,49.07312,-0.07009
Mondial Relay,44.43493,3.20418
Mondial Relay,48.86253,3.34145
Mondial Relay,43.81775,6.09323
Mondial Relay,41.96837,8.77936
Mondial Relay,48.93735,2.4279
Mondial Relay,50.44597,3.43096
Mondial Relay,48.88902,2.35862
Mondial Relay,48.86316,2.52723
Mondial Relay,49.41664,0.26675
Mondial Relay,50.29153,2.77102
Mondial Relay,43.13245,0.93286
Mondial Relay,43.60843,6.754
Mondial Relay,46.70933,0.41297
Mondial Relay,45.17884,5.70512
Mondial Relay,41.95218,8.77438
Mondial Relay,47.27712,-2.23402
Mondial Relay,49.39858,1.15601
Mondial Relay,45.14395,4.11711
Mondial Relay,47.87772,-3.90878
Mondial Relay,48.6864,6.18319
Mondial Relay,45.29349,4.17197
Mondial Relay,44.31475,5.82412
Mondial Relay,47.20988,-1.56482
Mondial Relay,48.57397,-3.85208
Mondial Relay,44.05246,5.04038
Mondial Relay,46.56646,0.34358
Mondial Relay,43.11081,6.12587
Mondial Relay,46.03841,3.98594
Mondial Relay,47.74583,7.41104
Mondial Relay,48.96902,2.25509
Mondial Relay,42.46636,9.20766
Mondial Relay,43.40993,5.92067
Mondial Relay,50.27263,2.77445
Mondial Relay,47.29889,5.13415
Mondial Relay,49.64642,-1.64932
Mondial Relay,48.88492,2.37898
Mondial Relay,45.70523,5.76719
Mondial Relay,45.84892,1.42886
Mondial Relay,47.92102,-1.86
Mondial Relay,43.77434,1.68505
Mondial Relay,48.7948,2.51403
Mondial Relay,46.34389,-1.43816
Mondial Relay,45.7817,4.90625
Mondial Relay,47.5,1.17755
Mondial Relay,45.8399,1.30968
Mondial Relay,43.53822,5.43556
Mondial Relay,48.87859,2.18686
Mondial Relay,46.90683,-1.13468
Mondial Relay,48.89564,2.34562
Mondial Relay,43.40024,1.56118
Mondial Relay,48.70356,2.10186
Mondial Relay,49.051,2.09728
Mondial Relay,47.23714,-0.72351
Mondial Relay,48.82149,2.30416
Mondial Relay,48.87114,2.40451
Mondial Relay,49.99661,3.30743
Mondial Relay,48.01799,0.21442
Mondial Relay,43.66542,7.14972
Mondial Relay,46.02929,4.08375
Mondial Relay,48.93856,2.05596
Mondial Relay,47.38851,0.69004
Mondial Relay,43.86241,0.10155
Mondial Relay,45.31775,4.23121
Mondial Relay,48.73918,0.92772
Mondial Relay,48.87927,2.24036
Mondial Relay,47.82236,2.8454
Mondial Relay,49.19689,5.99229
Mondial Relay,45.54976,3.74374
Mondial Relay,48.88327,2.36515
Mondial Relay,45.25783,5.24279
Mondial Relay,48.85404,2.58127
Mondial Relay,49.08857,6.15701
Mondial Relay,44.40471,0.69771
Mondial Relay,48.88215,2.34638
Mondial Relay,43.24718,5.5914
Mondial Relay,43.57067,7.11413
Mondial Relay,49.34608,0.52909
Mondial Relay,48.80541,2.55049
Mondial Relay,43.12948,5.96276
Mondial Relay,48.8727,2.3744
Mondial Relay,48.96992,2.26198
Mondial Relay,49.44181,1.10157
Mondial Relay,48.58745,-4.57261
Mondial Relay,49.01018,2.34954
Mondial Relay,46.55381,0.30508
Mondial Relay,45.61136,4.70128
Mondial Relay,48.62915,4.64535
Mondial Relay,43.40608,4.98474
Mondial Relay,49.11352,2.28019
Mondial Relay,46.88931,1.42182
Mondial Relay,41.6533,9.19381
Mondial Relay,48.70293,2.31544
Mondial Relay,48.77287,5.15947
Mondial Relay,49.19938,6.92842
Mondial Relay,43.82001,4.34239
Mondial Relay,48.24823,-1.7832
Mondial Relay,48.73112,7.70798
Mondial Relay,48.83752,2.35483
Mondial Relay,48.75511,2.30592
Mondial Relay,48.99928,2.41399
Mondial Relay,50.6152,3.01607
Mondial Relay,48.87122,2.51533
Mondial Relay,49.44016,1.12928
Mondial Relay,49.18711,6.90176
Mondial Relay,50.06683,1.53762
Mondial Relay,50.41845,2.96923
Mondial Relay,50.5553,2.49591
Mondial Relay,48.53645,7.69446
Mondial Relay,47.21273,-1.55671
Mondial Relay,49.00488,1.91091
Mondial Relay,44.88597,1.21686
Mondial Relay,45.60973,5.15863
Mondial Relay,48.9203,2.3165
Mondial Relay,48.86763,2.49291
Mondial Relay,48.06413,-1.62324
Mondial Relay,48.89885,2.21575
Mondial Relay,49.24215,6.1695
Mondial Relay,48.3542,-1.19647
Mondial Relay,48.89726,2.53263
Mondial Relay,43.96746,1.33881
Mondial Relay,49.35859,1.35863
Mondial Relay,48.57026,2.15834
Mondial Relay,48.62365,-3.29675
Mondial Relay,48.60382,7.74697
Mondial Relay,49.18248,-0.37613
Mondial Relay,45.93605,6.07715
Mondial Relay,48.30419,4.03226
Mondial Relay,48.32564,4.10234
Mondial Relay,48.92207,2.11367
Mondial Relay,49.35916,0.07528
Mondial Relay,43.7268,7.27583
Mondial Relay,49.25252,6.1689
Mondial Relay,47.26802,-1.48441
Mondial Relay,43.74959,7.32072
Mondial Relay,47.06535,6.21494
Mondial Relay,43.62027,4.02004
Mondial Relay,47.62983,7.11941
Mondial Relay,47.10765,2.37886
Mondial Relay,48.69126,5.97341
Mondial Relay,48.70927,2.87235
Mondial Relay,48.72862,2.28532
Mondial Relay,50.72222,3.16048
Mondial Relay,43.109,5.85619
Mondial Relay,46.48287,-1.72036
Mondial Relay,50.19873,3.84273
Mondial Relay,48.24594,-4.48963
Mondial Relay,43.12446,5.95506
Mondial Relay,43.69463,5.48878
Mondial Relay,44.97298,-0.45278
Mondial Relay,48.87583,2.34843
Mondial Relay,48.82369,2.49589
Mondial Relay,46.89153,-1.25123
Mondial Relay,48.73289,2.44947
Mondial Relay,48.89551,2.47737
Mondial Relay,46.64833,-0.24826
Mondial Relay,48.4612,7.48404
Mondial Relay,45.97324,5.33597
Mondial Relay,43.3086,5.38104
Mondial Relay,48.15488,-1.71692
Mondial Relay,43.09517,6.07093
Mondial Relay,48.57546,7.73277
Mondial Relay,48.69352,6.18026
Mondial Relay,41.95233,8.78
Mondial Relay,43.11106,5.93913
Mondial Relay,43.30357,5.40454
Mondial Relay,49.16584,2.24699
Mondial Relay,46.33957,-0.41796
Mondial Relay,50.39709,3.53762
Mondial Relay,48.90021,2.29823
Mondial Relay,46.12681,5.8065
Mondial Relay,47.53636,6.3824
Mondial Relay,49.66182,-1.83519
Mondial Relay,43.78346,4.20298
Mondial Relay,48.89232,2.32698
Mondial Relay,48.78644,2.58739
Mondial Relay,49.48171,0.87605
Mondial Relay,46.198,-1.35306
Mondial Relay,48.86879,2.44113
Mondial Relay,49.20732,2.60089
Mondial Relay,47.65801,6.84494
Mondial Relay,48.8357,2.29073
Mondial Relay,45.82791,3.07594
Mondial Relay,48.81108,2.43171
Mondial Relay,48.88883,2.32298
Mondial Relay,50.62961,3.03558
Mondial Relay,44.55595,3.29091
Mondial Relay,42.70226,2.94178
Mondial Relay,44.40704,4.39479
Mondial Relay,48.7401,2.45347
Mondial Relay,48.93558,2.23841
Mondial Relay,48.10944,-1.67603
Mondial Relay,46.73381,0.44666
Mondial Relay,49.49618,0.09963
Mondial Relay,50.61513,3.04819
Mondial Relay,49.02562,2.32501
Mondial Relay,47.20128,-1.54615
Mondial Relay,47.98134,-4.12072
Mondial Relay,50.39216,3.10819
Mondial Relay,47.52219,1.24565
Mondial Relay,46.31977,-0.45518
Mondial Relay,46.74591,-0.47689
Mondial Relay,45.27446,5.92553
Mondial Relay,48.89201,2.33546
Mondial Relay,49.89802,1.25417
Mondial Relay,48.89319,2.32774
Mondial Relay,49.01919,2.09143
Mondial Relay,43.60809,2.23958
Mondial Relay,48.99093,1.71711
Mondial Relay,48.87216,2.63153
Mondial Relay,49.66005,-1.40966
Mondial Relay,48.95717,2.89514
Mondial Relay,44.12162,5.02863
Mondial Relay,42.67525,9.44435
Mondial Relay,45.8387,1.49215
Mondial Relay,43.819,4.39225
Mondial Relay,45.61554,0.00918
Mondial Relay,48.86284,2.57697
Mondial Relay,48.91839,2.45412
Mondial Relay,50.13102,2.78216
Mondial Relay,47.91109,1.96919
Mondial Relay,43.503,6.48642
Mondial Relay,48.92674,2.50852
Mondial Relay,48.08732,-1.6225
Mondial Relay,47.13226,0.99802
Mondial Relay,49.07857,1.92827
Mondial Relay,48.61533,6.10399
Mondial Relay,43.11689,6.11641
Mondial Relay,43.29759,5.37106
Mondial Relay,43.52428,1.40786
Mondial Relay,47.27723,5.994
Mondial Relay,48.87413,2.35826
Mondial Relay,43.53905,1.40318
Mondial Relay,44.00886,1.29255
Mondial Relay,44.34641,3.57618
Mondial Relay,48.82589,2.19723
Mondial Relay,50.64246,1.7427
Mondial Relay,48.83991,2.72979
Mondial Relay,48.30421,3.04852
Mondial Relay,48.34398,7.30458
Mondial Relay,48.93594,2.3671
Mondial Relay,48.39413,2.37885
Mondial Relay,46.58345,0.31365
Mondial Relay,49.83895,3.27349
Mondial Relay,48.71537,2.49209
Mondial Relay,45.7838,3.06363
Mondial Relay,49.05995,1.54684
Mondial Relay,48.97775,2.37201
Mondial Relay,47.651,6.85174
Mondial Relay,49.19198,-0.26375
Mondial Relay,48.72609,2.52352
Mondial Relay,47.66172,6.88151
Mondial Relay,45.19871,5.69271
Mondial Relay,50.40768,1.59228
Mondial Relay,46.98312,3.18627
Mondial Relay,48.10062,-1.6861
Mondial Relay,48.757,2.31533
Mondial Relay,47.86004,-3.46174
Mondial Relay,51.03611,2.37692
Mondial Relay,43.69597,7.25368
Mondial Relay,48.96186,2.59229
Mondial Relay,47.09714,2.41259
Mondial Relay,47.54461,4.45807
Mondial Relay,43.58468,1.40376
Mondial Relay,43.66177,0.59875
Mondial Relay,49.31363,-1.09926
Mondial Relay,43.36217,3.23145
Mondial Relay,48.90637,2.88095
Mondial Relay,47.68392,-2.76952
Mondial Relay,45.76805,4.80152
Mondial Relay,43.6102,2.26271
Mondial Relay,50.48944,2.65637
Mondial Relay,48.95618,2.29897
Mondial Relay,48.79703,2.53058
Mondial Relay,47.33491,5.06068
Mondial Relay,48.77908,4.74016
Mondial Relay,45.65467,4.98566
Mondial Relay,49.10979,0.58708
Mondial Relay,43.81128,5.74977
Mondial Relay,43.58279,5.01505
Mondial Relay,48.11232,-1.6817
Mondial Relay,45.75002,4.84391
Mondial Relay,43.55193,6.95731
Mondial Relay,48.89149,5.5407
Mondial Relay,43.66494,7.2104
Mondial Relay,44.17632,2.52093
Mondial Relay,43.73107,7.4172
Mondial Relay,48.81652,2.39481
Mondial Relay,48.68846,2.38504
Mondial Relay,49.11433,2.20794
Mondial Relay,48.48687,6.08725
Mondial Relay,49.26709,1.2042
Mondial Relay,46.16996,-1.18341
Mondial Relay,46.10748,-0.7514
Mondial Relay,46.98536,4.53395
Mondial Relay,48.9508,2.53275
Mondial Relay,48.04391,7.15999
Mondial Relay,48.89974,2.08355
Mondial Relay,45.17536,5.72589
Mondial Relay,48.67502,5.88899
Mondial Relay,48.44122,2.16984
Mondial Relay,49.76896,4.71972
Mondial Relay,49.22707,2.90715
Mondial Relay,48.70261,2.13131
Mondial Relay,48.80526,2.37677
Mondial Relay,44.8275,-0.56912
Mondial Relay,50.36592,3.29935
Mondial Relay,48.78896,2.49699
Mondial Relay,49.14578,0.22673
Mondial Relay,48.78874,1.5781
Mondial Relay,45.74929,3.07911
Mondial Relay,43.37982,5.35051
Mondial Relay,45.06429,1.16278
Mondial Relay,43.52967,1.21
Mondial Relay,45.90317,0.92809
Mondial Relay,50.66188,2.03112
Mondial Relay,43.35672,5.36743
Mondial Relay,43.34148,3.26113
Mondial Relay,43.36465,1.16356
Mondial Relay,43.95836,4.77538
Mondial Relay,48.99785,6.8284
Mondial Relay,48.43315,-4.40325
Mondial Relay,46.8046,4.43963
Mondial Relay,47.77117,-3.34904
Mondial Relay,47.41445,-1.65253
Mondial Relay,45.17655,5.69296
Mondial Relay,48.86569,2.37441
Mondial Relay,49.05937,1.41593
Mondial Relay,43.89327,4.94725
Mondial Relay,46.97483,-1.99917
Mondial Relay,43.66448,4.17685
Mondial Relay,43.31952,6.62824
Mondial Relay,48.87068,2.42722
Mondial Relay,48.74585,2.46897
Mondial Relay,43.58822,6.93983
Mondial Relay,47.25275,6.03666
Mondial Relay,43.62427,1.43389
Mondial Relay,47.96371,3.51319
Mondial Relay,48.62518,4.96762
Mondial Relay,48.92922,2.26436
Mondial Relay,50.72655,1.60652
Mondial Relay,47.58366,1.33892
Mondial Relay,44.60459,4.3894
Mondial Relay,45.79047,4.85814
Mondial Relay,43.47252,-1.44986
Mondial Relay,48.8902,2.35076
Mondial Relay,50.64396,3.14359
Mondial Relay,47.18494,-1.58711
Mondial Relay,47.26763,1.88328
Mondial Relay,47.7795,7.38659
Mondial Relay,49.44143,1.18476
Mondial Relay,49.45537,1.0333
Mondial Relay,49.84426,3.29152
Mondial Relay,45.73593,-0.64889
Mondial Relay,48.83243,2.24876
Mondial Relay,48.84873,2.43141
Mondial Relay,43.4283,6.76588
Mondial Relay,50.44344,2.8321
Mondial Relay,42.01823,8.89343
Mondial Relay,46.23708,1.48612
Mondial Relay,48.67372,6.17156
Mondial Relay,49.14161,2.28573
Mondial Relay,48.79016,2.2239
Mondial Relay,49.02335,2.02909
Mondial Relay,48.84887,2.42632
Mondial Relay,45.80202,1.15086
Mondial Relay,48.85799,2.37724
Mondial Relay,45.85564,-0.82724
Mondial Relay,49.99127,4.70238
Mondial Relay,43.4726,6.56609
Mondial Relay,48.75746,-0.56638
Mondial Relay,50.39751,3.0472
Mondial Relay,45.70733,5.10703
Mondial Relay,44.45353,4.34144
Mondial Relay,48.71307,2.44883
Mondial Relay,43.6957,7.2568
Mondial Relay,48.13648,-1.66513
Mondial Relay,49.903,4.27917
Mondial Relay,48.90145,2.51153
Mondial Relay,48.54159,2.33214
Mondial Relay,47.21128,-1.561
Mondial Relay,43.29863,-0.36344
Mondial Relay,48.5877,7.7179
Mondial Relay,48.8406,2.39889
Mondial Relay,49.70192,4.93914
Mondial Relay,48.81952,2.31012
Mondial Relay,49.87584,2.32822
Mondial Relay,49.02729,2.22337
Mondial Relay,45.71727,4.81067
Mondial Relay,43.29949,5.50127
Mondial Relay,49.44534,1.12823
Mondial Relay,43.39823,4.79298
Mondial Relay,49.00777,1.17085
Mondial Relay,49.23069,6.00792
Mondial Relay,47.9023,1.90128
Mondial Relay,45.74856,4.84338
Mondial Relay,50.53084,3.22283
Mondial Relay,50.95416,1.92722
Mondial Relay,45.05565,5.6697
Mondial Relay,46.02721,0.18436
Mondial Relay,43.98161,3.59738
Mondial Relay,49.43195,2.08348
Mondial Relay,46.0329,3.93618
Mondial Relay,48.8006,2.12182
Mondial Relay,47.97749,-3.28234
Mondial Relay,44.42961,1.45787
Mondial Relay,43.69369,-1.32258
Mondial Relay,48.26571,2.69628
Mondial Relay,48.96854,1.71585
Mondial Relay,43.28921,0.64313
Mondial Relay,49.50125,1.15413
Mondial Relay,45.26158,4.70447
Mondial Relay,49.00266,2.26082
Mondial Relay,47.1223,-1.50216
Mondial Relay,47.61371,-0.70586
Mondial Relay,48.93833,2.42941
Mondial Relay,48.88455,2.37857
Mondial Relay,48.13893,-1.68405
Mondial Relay,50.36341,3.08298
Mondial Relay,44.92318,4.93079
Mondial Relay,46.9849,-1.23111
Mondial Relay,47.17716,3.01974
Mondial Relay,48.67671,2.38012
Mondial Relay,43.83983,4.3563
Mondial Relay,43.40453,-1.5714
Mondial Relay,49.08676,6.67559
Mondial Relay,48.17184,2.25554
Mondial Relay,47.51915,3.5363
Mondial Relay,48.84132,2.47242
Mondial Relay,48.68628,2.39631
Mondial Relay,47.74657,0.13578
Mondial Relay,43.41941,1.37347
Mondial Relay,47.25966,-0.07471
Mondial Relay,48.93851,2.22213
Mondial Relay,47.50923,0.11529
Mondial Relay,45.67406,4.86059
Mondial Relay,43.54737,1.50391
Mondial Relay,43.59446,5.12871
Mondial Relay,45.45165,4.44732
Mondial Relay,46.99251,-1.82085
Mondial Relay,48.29401,6.43639
Mondial Relay,43.29953,-0.37145
Mondial Relay,48.86247,2.27666
Mondial Relay,48.8317,2.3575
Mondial Relay,42.72477,2.89433
Mondial Relay,49.04977,7.30266
Mondial Relay,43.57478,7.09393
Mondial Relay,47.47726,-0.63227
Mondial Relay,45.70002,4.88297
Mondial Relay,48.62299,2.59341
Mondial Relay,48.9949,1.67667
Mondial Relay,49.2582,4.04193
Mondial Relay,51.03672,2.3374
Mondial Relay,43.70607,7.26667
Mondial Relay,47.92776,1.91883
Mondial Relay,44.13562,4.80973
Mondial Relay,44.83096,-0.55833
Mondial Relay,43.83052,4.33114
Mondial Relay,47.08299,2.39702
Mondial Relay,49.48432,5.74408
Mondial Relay,48.53263,-2.05633
Mondial Relay,43.42808,6.77923
Mondial Relay,48.07675,7.35073
Mondial Relay,46.58932,0.36001
Mondial Relay,45.77586,4.80017
Mondial Relay,48.72891,-3.38551
Mondial Relay,49.32597,2.46412
Mondial Relay,43.92052,2.13999
Mondial Relay,48.29775,4.07485
Mondial Relay,48.68783,2.11531
Mondial Relay,48.97448,2.30556
Mondial Relay,46.07487,6.31416
Mondial Relay,48.85031,-0.55103
Mondial Relay,43.88975,-0.49136
Mondial Relay,45.4095,4.38701
Mondial Relay,43.88968,-0.49881
Mondial Relay,44.89879,1.46206
Mondial Relay,48.87846,2.34423
Mondial Relay,49.87698,2.28789
Mondial Relay,50.63375,3.06829
Mondial Relay,43.64949,3.50449
Mondial Relay,48.95289,2.88343
Mondial Relay,47.26515,6.05993
Mondial Relay,45.69493,4.79351
Mondial Relay,45.74878,3.54509
Mondial Relay,48.85913,2.42649
Mondial Relay,48.87599,2.38075
Mondial Relay,47.45169,-0.54568
Mondial Relay,46.38703,5.86551
Mondial Relay,43.12945,5.91372
Mondial Relay,44.80482,-0.55879
Mondial Relay,48.98861,3.36592
Mondial Relay,48.89443,2.42079
Mondial Relay,47.73379,-2.59027
Mondial Relay,48.90293,2.39168
Mondial Relay,43.6345,1.39855
Mondial Relay,47.68512,-0.87182
Mondial Relay,49.46325,2.8127
Mondial Relay,43.23213,6.08228
Mondial Relay,48.95086,4.36954
Mondial Relay,49.44381,1.08804
Mondial Relay,44.60789,-0.3178
Mondial Relay,49.20073,-0.32938
Mondial Relay,43.62578,-0.82635
Mondial Relay,48.89895,2.37272
Mondial Relay,47.34892,0.82755
Mondial Relay,49.43348,1.0856
Mondial Relay,45.8654,4.83198
Mondial Relay,48.8146,7.79136
Mondial Relay,43.31493,3.47048
Mondial Relay,48.81528,2.50662
Mondial Relay,48.87082,2.36913
Mondial Relay,43.10947,5.86765
Mondial Relay,43.60893,3.87529
Mondial Relay,48.87874,2.70504
Mondial Relay,43.43072,3.6103
Mondial Relay,48.86303,2.41925
Mondial Relay,49.37611,2.45217
Mondial Relay,47.83669,-0.30118
Mondial Relay,49.0636,3.96246
Mondial Relay,44.60063,0.89634
Mondial Relay,50.78288,3.12544
Mondial Relay,45.58339,4.99519
Mondial Relay,47.77522,-3.00991
Mondial Relay,43.09416,6.07403
Mondial Relay,48.57244,-4.32491
Mondial Relay,48.85165,2.36673
Mondial Relay,43.50965,5.44141
Mondial Relay,45.76841,4.83338
Mondial Relay,49.92508,2.30101
Mondial Relay,48.87531,2.39056
Mondial Relay,45.58454,4.28859
Mondial Relay,47.74877,-3.37442
Mondial Relay,43.7152,7.28063
Mondial Relay,45.5395,4.18445
Mondial Relay,49.4477,1.09522
Mondial Relay,48.87501,2.37052
Mondial Relay,46.4978,-0.05844
Mondial Relay,47.33262,5.00944
Mondial Relay,48.8122,2.53084
Mondial Relay,49.33472,6.3523
Mondial Relay,48.86453,2.38682
Mondial Relay,48.98274,2.23045
Mondial Relay,49.27889,2.47274
Mondial Relay,47.15977,-1.26617
Mondial Relay,47.80713,7.12158
Mondial Relay,48.85787,2.90741
Mondial Relay,43.72958,5.17878
Mondial Relay,47.21475,4.02564
Mondial Relay,48.12624,7.15825
Mondial Relay,49.25175,4.0346
Mondial Relay,42.67794,9.43875
Mondial Relay,45.40091,4.35565
Mondial Relay,43.78625,5.77087
Mondial Relay,43.81416,4.61414
Mondial Relay,50.24927,3.37539
Mondial Relay,46.88232,-2.10109
Mondial Relay,42.77767,2.83566
Mondial Relay,47.62933,-1.83346
Mondial Relay,48.71749,4.62531
Mondial Relay,48.82708,2.26412
Mondial Relay,48.26354,6.4088
Mondial Relay,43.18602,5.61888
Mondial Relay,50.62939,3.08849
Mondial Relay,48.72239,1.36847
Mondial Relay,48.92401,2.25958
Mondial Relay,45.54282,0.41545
Mondial Relay,48.82042,2.28505
Mondial Relay,45.17719,0.77283
Mondial Relay,48.83895,2.28166
Mondial Relay,48.86868,2.41784
Mondial Relay,48.37253,-4.58807
Mondial Relay,43.86403,1.81894
Mondial Relay,48.90342,2.38894
Mondial Relay,43.47045,6.38008
Mondial Relay,43.64635,5.58328
Mondial Relay,48.78518,2.30271
Mondial Relay,49.6126,1.54595
Mondial Relay,48.90989,2.51879
Mondial Relay,44.09455,4.1074
Mondial Relay,47.45637,5.58297
Mondial Relay,48.83004,2.35289
Mondial Relay,48.90154,6.05172
Mondial Relay,49.22825,4.03764
Mondial Relay,43.74939,7.14369
Mondial Relay,47.63791,6.86419
Mondial Relay,47.6469,-3.15998
Mondial Relay,43.46074,2.00488
Mondial Relay,45.43256,4.38939
Mondial Relay,49.10639,6.39305
Mondial Relay,48.41124,-1.36548
Mondial Relay,46.80935,1.68581
Mondial Relay,48.17882,-1.91838
Mondial Relay,44.03477,4.1017
Mondial Relay,49.41612,6.13581
Mondial Relay,47.95011,-0.55335
Mondial Relay,47.58189,6.77003
Mondial Relay,49.28283,4.00352
Mondial Relay,43.86069,4.4497
Mondial Relay,48.69202,2.43136
Mondial Relay,45.46873,4.3528
Mondial Relay,43.70817,7.2568
Mondial Relay,48.55748,7.74753
Mondial Relay,48.89002,2.41018
Mondial Relay,43.3081,-0.35683
Mondial Relay,48.97131,-0.24303
Mondial Relay,46.78514,1.95938
Mondial Relay,49.1497,2.27912
Mondial Relay,48.83479,2.29136
Mondial Relay,42.68103,9.43989
Mondial Relay,49.0737,2.67047
Mondial Relay,45.45844,3.23818
Mondial Relay,48.56241,7.76216
Mondial Relay,47.2086,-1.5099
Mondial Relay,46.34531,2.59713
Mondial Relay,49.50014,0.13538
Mondial Relay,47.48932,-2.79712
Mondial Relay,49.00053,2.09027
Mondial Relay,48.91743,2.30398
Mondial Relay,49.27321,2.46564
Mondial Relay,43.13514,5.91616
Mondial Relay,45.66062,4.55941
Mondial Relay,50.29483,2.79193
Mondial Relay,46.10664,-1.09964
Mondial Relay,46.90197,6.35978
Mondial Relay,48.85905,2.43642
Mondial Relay,50.58748,3.05189
Mondial Relay,48.44268,1.47947
Mondial Relay,48.90595,2.33245
Mondial Relay,48.89423,2.32033
Mondial Relay,43.33678,5.43627
Mondial Relay,45.5999,4.57167
Mondial Relay,47.62229,6.15558
Mondial Relay,48.95103,2.55262
Mondial Relay,43.28502,5.39471
Mondial Relay,50.66943,3.12764
Mondial Relay,48.89194,2.44601
Mondial Relay,44.65809,4.36815
Mondial Relay,48.77473,7.86918
Mondial Relay,48.52286,0.54242
Mondial Relay,50.40478,2.9078
Mondial Relay,48.66923,6.19931
Mondial Relay,48.87752,2.39166
Mondial Relay,49.48088,0.58565
Mondial Relay,50.62121,3.03459
Mondial Relay,49.1433,2.28452
Mondial Relay,44.37409,4.98064
Mondial Relay,43.5892,3.88836
Mondial Relay,50.69217,3.18521
Mondial Relay,45.76817,4.84525
Mondial Relay,49.44032,1.09761
Mondial Relay,45.27034,4.66597
Mondial Relay,48.07032,6.86796
Mondial Relay,48.96122,2.35921
Mondial Relay,50.24896,2.93841
Mondial Relay,47.35302,-2.17544
Mondial Relay,48.86255,2.38518
Mondial Relay,49.11742,6.17766
Mondial Relay,47.88348,1.77148
Mondial Relay,44.5261,2.27669
Mondial Relay,49.41651,2.82447
Mondial Relay,48.74147,2.73684
Mondial Relay,50.59517,2.82382
Mondial Relay,48.87437,2.35621
Mondial Relay,48.46004,-1.48173
Mondial Relay,44.40934,2.29029
Mondial Relay,46.52231,3.68061
Mondial Relay,48.84066,2.12434
Mondial Relay,45.33672,1.05053
Mondial Relay,43.84147,1.38932
Mondial Relay,47.22504,5.96884
Mondial Relay,48.79207,2.36644
Mondial Relay,45.62663,5.07214
Mondial Relay,45.76856,4.88957
Mondial Relay,43.25004,6.09833
Mondial Relay,43.44484,5.55266
Mondial Relay,48.9152,2.27308
Mondial Relay,48.87504,2.58196
Mondial Relay,48.82924,2.24394
Mondial Relay,48.75647,2.306
Mondial Relay,49.08603,2.19644
Mondial Relay,48.36263,7.57382
Mondial Relay,48.85039,2.39024
Mondial Relay,48.92135,2.44931
Mondial Relay,48.7344,2.28383
Mondial Relay,48.19158,3.32198
Mondial Relay,44.92549,4.8686
Mondial Relay,48.98218,2.28504
Mondial Relay,48.96444,2.36
Mondial Relay,45.22779,1.52358
Mondial Relay,48.90539,2.31551
Mondial Relay,48.10434,-4.07631
Mondial Relay,43.29959,5.3988
Mondial Relay,47.6262,7.24092
Mondial Relay,45.48976,5.38881
Mondial Relay,48.98185,2.29984
Mondial Relay,48.18987,6.48205
Mondial Relay,47.05033,-1.96463
Mondial Relay,45.23387,5.88169
Mondial Relay,42.56531,2.89954
Mondial Relay,49.42839,2.6384
Mondial Relay,44.83535,-0.58085
Mondial Relay,50.42378,2.81997
Mondial Relay,45.65729,4.75154
Mondial Relay,45.69344,-0.3161
Mondial Relay,43.29965,3.47211
Mondial Relay,45.90735,4.57667
Mondial Relay,47.21718,5.13465
Mondial Relay,43.60936,3.86673
Mondial Relay,43.95019,0.20098
Mondial Relay,50.49205,2.97872
Mondial Relay,48.84845,2.2663
Mondial Relay,44.36968,4.97818
Mondial Relay,43.1333,5.86298
Mondial Relay,43.67181,1.36976
Mondial Relay,43.18961,2.99583
Mondial Relay,48.91248,2.35857
Mondial Relay,48.99803,1.1073
Mondial Relay,47.99486,-4.10361
Mondial Relay,47.2826,-2.20667
Mondial Relay,43.65018,3.69972
Mondial Relay,43.24326,0.05172
Mondial Relay,48.1838,-1.64529
Mondial Relay,47.23808,0.05441
Mondial Relay,48.90961,2.43787
Mondial Relay,48.87294,2.35933
Mondial Relay,49.40815,6.29862
Mondial Relay,43.45503,1.61165
Mondial Relay,47.37681,0.70167
Mondial Relay,42.70179,2.82636
Mondial Relay,45.54244,3.24764
Mondial Relay,45.57983,-0.54689
Mondial Relay,43.806,4.65942
Mondial Relay,48.79537,2.13023
Mondial Relay,43.55011,5.18506
Mondial Relay,48.62113,2.44135
Mondial Relay,48.95544,4.36489
Mondial Relay,45.16138,5.71109
Mondial Relay,45.93204,3.11086
Mondial Relay,48.28256,3.93626
Mondial Relay,47.32861,-0.66998
Mondial Relay,49.49664,5.86853
Mondial Relay,43.29883,5.56903
Mondial Relay,43.544,5.35687
Mondial Relay,48.68811,6.80353
Mondial Relay,49.47141,1.04328
Mondial Relay,48.82798,2.37222
Mondial Relay,46.12835,3.41698
Mondial Relay,47.79916,-3.47907
Mondial Relay,43.32031,-0.30408
Mondial Relay,48.54859,2.70006
Mondial Relay,43.44238,3.67705
Mondial Relay,46.99817,-0.21009
Mondial Relay,45.22031,-0.87132
Mondial Relay,49.84006,3.48984
Mondial Relay,49.52076,0.12641
Mondial Relay,45.04316,5.05158
Mondial Relay,47.2702,4.99601
Mondial Relay,45.76357,4.8674
Mondial Relay,48.76948,2.04005
Mondial Relay,43.56298,1.30341
Mondial Relay,49.0828,6.14912
Mondial Relay,45.02725,-0.80019
Mondial Relay,46.30243,4.83071
Mondial Relay,49.12988,6.27673
Mondial Relay,48.78053,2.31411
Mondial Relay,48.95255,2.61313
Mondial Relay,43.53752,5.45311
Mondial Relay,45.04279,5.70265
Mondial Relay,48.79251,2.38615
Mondial Relay,48.96534,2.25498
Mondial Relay,48.97266,1.84646
Mondial Relay,46.28841,2.74363
Mondial Relay,47.07955,2.40235
Mondial Relay,45.79815,3.16968
Mondial Relay,43.58206,1.41432
Mondial Relay,47.23776,-1.56926
Mondial Relay,48.95904,1.80094
Mondial Relay,43.72044,7.26263
Mondial Relay,45.42888,5.75679
Mondial Relay,48.90289,6.05604
Mondial Relay,44.47811,1.28764
Mondial Relay,48.67007,7.0863
Mondial Relay,48.90313,2.31406
Mondial Relay,44.91914,4.86065
Mondial Relay,48.93592,2.45987
Mondial Relay,48.83847,-0.88874
Mondial Relay,43.29938,5.3798
Mondial Relay,48.94642,2.56975
Mondial Relay,47.6726,7.24871
Mondial Relay,50.43366,2.83548
Mondial Relay,49.67615,4.97723
Mondial Relay,43.67877,7.21049
Mondial Relay,48.82241,2.32828
Mondial Relay,46.89575,5.0243
Mondial Relay,48.74307,7.35926
Mondial Relay,48.82492,2.34142
Mondial Relay,47.19393,5.38486
Mondial Relay,48.80928,2.2727
Mondial Relay,47.39889,5.3175
Mondial Relay,48.60742,2.48442
Mondial Relay,48.89161,2.23666
Mondial Relay,44.44348,4.71064
Mondial Relay,47.6557,-1.31811
Mondial Relay,45.67307,4.82305
Mondial Relay,45.25795,0.50462
Mondial Relay,45.71961,4.80459
Mondial Relay,48.05821,-0.76863
Mondial Relay,48.40205,-4.46819
Mondial Relay,45.94437,-0.5194
Mondial Relay,48.72382,-0.91974
Mondial Relay,48.91999,2.48747
Mondial Relay,50.36609,3.55831
Mondial Relay,43.84051,4.84155
Mondial Relay,48.79109,2.44513
Mondial Relay,48.87117,2.37218
Mondial Relay,49.61707,0.7514
Mondial Relay,44.6194,6.19911
Mondial Relay,44.56409,6.09243
Mondial Relay,42.52417,9.44105
Mondial Relay,49.46979,5.9319
Mondial Relay,49.27585,3.89195
Mondial Relay,47.43973,-1.50045
Mondial Relay,43.80302,4.65602
Mondial Relay,48.55113,-1.72411
Mondial Relay,43.66246,5.43341
Mondial Relay,45.86832,3.63611
Mondial Relay,50.75163,2.25496
Mondial Relay,50.96504,2.41054
Mondial Relay,49.44113,2.07557
Mondial Relay,44.19511,0.61525
Mondial Relay,50.6678,3.19231
Mondial Relay,47.33283,5.02519
Mondial Relay,48.65505,2.35604
Mondial Relay,48.61805,-2.96953
Mondial Relay,44.79629,6.55913
Mondial Relay,45.67615,6.39253
Mondial Relay,44.86449,4.83613
Mondial Relay,43.23948,2.22762
Mondial Relay,42.13429,8.59704
Mondial Relay,48.91591,2.28276
Mondial Relay,48.43656,1.48435
Mondial Relay,44.91968,-0.23146
Mondial Relay,48.98387,1.81082
Mondial Relay,43.95699,5.77918
Mondial Relay,50.38626,3.49902
Mondial Relay,49.75429,0.38339
Mondial Relay,46.58133,0.35225
Mondial Relay,48.89026,2.3212
Mondial Relay,48.89386,2.34321
Mondial Relay,48.92765,2.19337
Mondial Relay,47.79842,-3.25256
Mondial Relay,47.99534,2.7341
Mondial Relay,44.92481,4.89483
Mondial Relay,43.30081,5.40029
Mondial Relay,45.9517,5.32844
Mondial Relay,48.82633,2.51036
Mondial Relay,45.75102,4.84889
Mondial Relay,48.78976,2.38971
Mondial Relay,45.37157,1.87409
Mondial Relay,48.8858,2.32608
Mondial Relay,48.92173,2.27712
Mondial Relay,51.01956,2.38079
Mondial Relay,50.29378,2.74671
Mondial Relay,45.74088,5.16187
Mondial Relay,48.5314,-2.01149
Mondial Relay,46.04649,4.06943
Mondial Relay,48.40619,-3.43193
Mondial Relay,49.26516,1.88449
Mondial Relay,48.88293,2.3882
Mondial Relay,48.7822,1.97023
Mondial Relay,48.99925,1.68643
Mondial Relay,45.34059,4.42066
Mondial Relay,46.50239,5.06738
Mondial Relay,46.14125,3.41588
Mondial Relay,49.30152,-0.31811
Mondial Relay,46.56428,4.91047
Mondial Relay,46.03775,3.98092
Mondial Relay,44.55012,6.069
Mondial Relay,48.87613,2.37033
Mondial Relay,49.26993,1.20883
Mondial Relay,48.86914,2.3719
Mondial Relay,48.54695,-3.13962
Mondial Relay,45.82839,4.60929
Mondial Relay,42.60598,2.89302
Mondial Relay,45.57376,5.95538
Mondial Relay,48.93299,2.29614
Mondial Relay,45.04438,3.8824
Mondial Relay,48.92861,2.36268
Mondial Relay,43.62407,6.6941
Mondial Relay,49.1821,-0.40113
Mondial Relay,48.88455,2.36693
Mondial Relay,46.23498,1.48788
Mondial Relay,48.23999,2.70252
Mondial Relay,43.91709,2.11308
Mondial Relay,48.04187,-1.51567
Mondial Relay,48.15926,6.45349
Mondial Relay,44.86176,-0.55382
Mondial Relay,48.89373,2.3369
Mondial Relay,43.70117,4.64259
Mondial Relay,43.26639,5.38856
Mondial Relay,48.54906,7.53237
Mondial Relay,48.89292,2.49789
Mondial Relay,48.09624,7.36775
Mondial Relay,46.6151,4.2109
Mondial Relay,44.35109,2.57648
Mondial Relay,48.80727,2.43493
Mondial Relay,48.88343,2.38484
Mondial Relay,48.79105,2.66866
Mondial Relay,48.72211,3.91104
Mondial Relay,49.0106,1.15205
Mondial Relay,49.33884,0.09261
Mondial Relay,48.84815,2.57035
Mondial Relay,44.57181,-0.19186
Mondial Relay,48.92031,2.44353
Mondial Relay,48.79956,2.499
Mondial Relay,47.21145,-1.56696
Mondial Relay,44.91996,4.9144
Mondial Relay,50.08596,4.72835
Mondial Relay,48.0142,0.27001
Mondial Relay,48.84544,2.32091
Mondial Relay,47.28252,0.65051
Mondial Relay,44.85449,-0.51886
Mondial Relay,44.08543,4.88388
Mondial Relay,47.75842,7.32993
Mondial Relay,43.26817,5.40634
Mondial Relay,43.83345,5.78249
Mondial Relay,47.25417,-1.61809
Mondial Relay,48.95814,2.88888
Mondial Relay,48.78882,2.2244
Mondial Relay,48.89015,2.30337
Mondial Relay,50.70184,1.58863
Mondial Relay,50.08895,3.44222
Mondial Relay,49.6389,-1.62159
Mondial Relay,43.59658,7.06877
Mondial Relay,48.95732,2.28528
Mondial Relay,46.74553,-1.90808
Mondial Relay,47.32126,5.0488
Mondial Relay,49.32327,2.44681
Mondial Relay,45.75359,3.11288
Mondial Relay,43.84479,0.66109
Mondial Relay,42.51636,3.10534
Mondial Relay,45.8705,4.91261
Mondial Relay,48.86705,2.37451
Mondial Relay,47.30785,-1.50876
Mondial Relay,42.48813,2.74769
Mondial Relay,48.20094,5.94627
Mondial Relay,43.58812,3.94192
Mondial Relay,48.08494,-1.69237
Mondial Relay,48.40711,2.70127
Mondial Relay,47.80687,3.55747
Mondial Relay,43.64815,1.45001
Mondial Relay,45.42718,4.40118
Mondial Relay,49.44825,1.14029
Mondial Relay,49.09175,5.62709
Mondial Relay,41.98136,8.77826
Mondial Relay,43.36501,-0.38919
Mondial Relay,47.14197,1.84539
Mondial Relay,49.26849,-0.2614
Mondial Relay,46.16259,5.26952
Mondial Relay,48.73089,2.41861
Mondial Relay,46.79344,4.41936
Mondial Relay,48.20333,2.47185
Mondial Relay,48.83936,2.39056
Mondial Relay,44.78241,4.82895
Mondial Relay,47.48508,5.49067
Mondial Relay,50.65531,3.06612
Mondial Relay,43.57046,7.00805
Mondial Relay,45.4381,4.38472
Mondial Relay,50.3537,3.48905
Mondial Relay,43.12862,5.98964
Mondial Relay,45.68275,-0.29326
Mondial Relay,47.22524,-1.55943
Mondial Relay,45.7773,-0.06614
Mondial Relay,48.85719,2.30127
Mondial Relay,49.19493,6.14651
Mondial Relay,47.04763,5.19519
Mondial Relay,50.4866,2.74552
Mondial Relay,49.01801,1.18263
Mondial Relay,46.92028,-0.73834
Mondial Relay,48.91561,2.35887
Mondial Relay,44.57603,4.74834
Mondial Relay,48.91471,2.38395
Mondial Relay,48.90012,2.31403
Mondial Relay,48.2081,1.28577
Mondial Relay,43.70188,-0.92555
Mondial Relay,43.70707,7.26507
Mondial Relay,49.0456,2.00356
Mondial Relay,50.74847,2.25426
Mondial Relay,47.20753,6.09994
Mondial Relay,49.26715,1.20422
Mondial Relay,47.39195,0.73208
Mondial Relay,43.70735,7.26574
Mondial Relay,49.22154,2.59131
Mondial Relay,48.85608,2.37283
Mondial Relay,48.95512,2.25504
Mondial Relay,49.50719,0.19849
Mondial Relay,43.3691,1.44699
Mondial Relay,49.16471,5.37989
Mondial Relay,48.56743,7.77479
Mondial Relay,43.73741,4.21656
Mondial Relay,48.42526,-4.5593
Mondial Relay,49.09742,6.18916
Mondial Relay,49.5279,0.35923
Mondial Relay,46.17224,-1.18028
Mondial Relay,48.82993,2.53886
Mondial Relay,43.63868,6.86733
Mondial Relay,45.76633,3.09564
Mondial Relay,46.762,6.38841
Mondial Relay,47.08129,2.3654
Mondial Relay,45.74337,4.82192
Mondial Relay,45.56394,5.44574
Mondial Relay,45.39664,4.32868
Mondial Relay,49.32255,-0.45729
Mondial Relay,43.17526,3.0287
Mondial Relay,48.01702,7.52979
Mondial Relay,47.36552,-1.17796
Mondial Relay,41.92598,8.73462
Mondial Relay,44.63619,-1.07579
Mondial Relay,43.31606,3.28054
Mondial Relay,44.95922,4.90661
Mondial Relay,45.75665,4.84198
Mondial Relay,43.29597,5.57627
Mondial Relay,49.60966,3.80385
Mondial Relay,43.11276,5.8416
Mondial Relay,48.77432,2.34938
Mondial Relay,43.55886,6.96801
Mondial Relay,48.85584,2.42315
Mondial Relay,50.36642,3.51304
Mondial Relay,47.87833,0.12945
Mondial Relay,50.36814,3.54869
Mondial Relay,43.50325,4.98547
Mondial Relay,46.10823,5.83031
Mondial Relay,45.73875,4.86169
Mondial Relay,47.17943,-1.53342
Mondial Relay,48.9649,3.32274
Mondial Relay,45.75635,4.84306
Mondial Relay,47.49132,-0.53154
Mondial Relay,47.8998,1.90308
Mondial Relay,47.30084,5.13523
Mondial Relay,48.83777,2.31138
Mondial Relay,44.93415,4.90702
Mondial Relay,48.6554,6.17787
Mondial Relay,50.0125,1.99075
Mondial Relay,45.5296,4.25819
Mondial Relay,48.78055,3.30489
Mondial Relay,43.28127,1.1372
Mondial Relay,48.11387,-1.63877
Mondial Relay,48.56883,3.96849
Mondial Relay,44.57021,6.08285
Mondial Relay,45.19178,5.68536
Mondial Relay,48.93876,2.16945
Mondial Relay,46.78157,-1.06693
Mondial Relay,47.30563,6.59457
Mondial Relay,47.15046,6.71829
Mondial Relay,43.49647,-1.49517
Mondial Relay,45.75364,4.8911
Mondial Relay,43.83902,4.36556
Mondial Relay,49.35078,2.22404
Mondial Relay,50.0761,3.65191
Mondial Relay,51.0353,2.37977
Mondial Relay,45.78192,3.09528
Mondial Relay,49.19047,6.91908
Mondial Relay,43.29192,3.11981
Mondial Relay,47.27965,-1.02733
Mondial Relay,47.24039,-1.51196
Mondial Relay,48.75104,-3.45819
Mondial Relay,43.28385,2.73334
Mondial Relay,47.88352,6.75827
Mondial Relay,45.42656,4.75564
Mondial Relay,49.10534,6.17453
Mondial Relay,44.91384,2.3619
Mondial Relay,48.93606,2.36019
Mondial Relay,48.78758,2.30568
Mondial Relay,48.62107,7.49325
Mondial Relay,48.8341,2.70627
Mondial Relay,45.60764,5.26568
Mondial Relay,49.13488,4.36759
Mondial Relay,48.93944,2.20675
Mondial Relay,49.00006,7.03121
Mondial Relay,47.46017,-2.00444
Mondial Relay,46.34045,2.58424
Mondial Relay,48.88685,2.30795
Mondial Relay,44.46493,1.42239
Mondial Relay,50.41596,3.66074
Mondial Relay,45.71274,0.18449
Mondial Relay,43.68165,7.21566
Mondial Relay,48.8923,2.37279
Mondial Relay,48.75494,7.58724
Mondial Relay,48.08164,-1.714
Mondial Relay,43.59278,5.47924
Mondial Relay,43.41742,5.21478
Mondial Relay,43.59169,2.25492
Mondial Relay,48.11092,5.13893
Mondial Relay,48.73445,7.05391
Mondial Relay,47.23906,-1.58488
Mondial Relay,49.70676,0.20445
Mondial Relay,47.78471,5.59337
Mondial Relay,45.79924,3.12064
Mondial Relay,47.20792,-1.571
Mondial Relay,46.90856,-1.37722
Mondial Relay,48.82478,7.40429
Mondial Relay,46.17615,-1.06396
Mondial Relay,48.74289,2.40076
Mondial Relay,50.67491,3.20169
Mondial Relay,43.6622,5.34977
Mondial Relay,48.40184,-4.48845
Mondial Relay,48.73602,7.04988
Mondial Relay,43.12737,5.92068
Mondial Relay,48.59363,6.49042
Mondial Relay,48.86772,2.38551
Mondial Relay,42.69485,9.44303
Mondial Relay,48.53111,6.60215
Mondial Relay,46.88481,2.57051
Mondial Relay,48.93441,2.49079
Mondial Relay,47.21394,2.06341
Mondial Relay,42.77292,2.98886
Mondial Relay,49.02045,-0.63214
Mondial Relay,48.84372,2.38947
Mondial Relay,45.98794,4.7166
Mondial Relay,45.15907,5.76002
Mondial Relay,44.85041,0.53658
Mondial Relay,49.57326,0.47282
Mondial Relay,44.90038,6.64371
Mondial Relay,43.49159,6.5351
Mondial Relay,48.8403,2.39182
Mondial Relay,47.23669,-1.35055
Mondial Relay,43.80988,4.64144
Mondial Relay,50.9487,1.85606
Mondial Relay,45.01509,-0.37574
Mondial Relay,48.581,7.77387
Mondial Relay,48.62076,7.49366
Mondial Relay,49.32263,-0.0055
Mondial Relay,43.65033,1.50762
Mondial Relay,49.01027,1.08746
Mondial Relay,46.26551,4.79532
Mondial Relay,47.50422,2.85189
Mondial Relay,47.30235,0.06517
Mondial Relay,46.83881,0.5452
Mondial Relay,43.09424,5.83786
Mondial Relay,49.50668,0.11894
Mondial Relay,45.54956,5.9849
Mondial Relay,50.717,2.28119
Mondial Relay,49.12951,4.53355
Mondial Relay,48.84674,7.60976
Mondial Relay,47.70934,5.89542
Mondial Relay,47.75237,7.34011
Mondial Relay,47.50197,0.79046
Mondial Relay,47.93664,1.76742
Mondial Relay,49.11498,6.23552
Mondial Relay,48.92421,2.24578
Mondial Relay,48.65135,2.0306
Mondial Relay,48.83117,7.48627
Mondial Relay,43.60621,3.86305
Mondial Relay,49.56713,0.95362
Mondial Relay,45.74069,4.8502
Mondial Relay,47.57383,-0.35817
Mondial Relay,43.21385,5.6319
Mondial Relay,48.87502,2.38231
Mondial Relay,42.70911,9.45422
Mondial Relay,43.40351,5.05665
Mondial Relay,48.87719,2.28827
Mondial Relay,49.51283,0.12601
Mondial Relay,48.94692,0.66284
Mondial Relay,50.28217,3.97
Mondial Relay,48.98161,2.2425
Mondial Relay,50.72859,3.15466
Mondial Relay,51.03892,2.38155
Mondial Relay,44.24299,5.08255
Mondial Relay,49.21676,2.41915
Mondial Relay,43.68097,7.22105
Mondial Relay,43.77836,1.47986
Mondial Relay,49.26541,6.11083
Mondial Relay,48.88933,2.32275
Mondial Relay,50.72784,2.36995
Mondial Relay,48.75013,1.91964
Mondial Relay,46.46095,-0.81325
Mondial Relay,43.64135,5.09876
Mondial Relay,48.77751,2.0007
Mondial Relay,43.77492,7.1917
Mondial Relay,48.88458,2.36366
Mondial Relay,47.63732,6.8571
Mondial Relay,47.45986,1.0425
Mondial Relay,49.05705,2.06588
Mondial Relay,49.44239,1.10829
Mondial Relay,49.09495,6.71827
Mondial Relay,48.77133,2.40126
Mondial Relay,50.01794,4.04433
Mondial Relay,48.62959,-2.46598
Mondial Relay,48.39086,-4.47862
Mondial Relay,45.89808,0.92177
Mondial Relay,48.64224,2.33354
Mondial Relay,50.46632,2.55894
Mondial Relay,49.15817,-0.33681
Mondial Relay,47.24943,-0.09046
Mondial Relay,44.90883,-0.62308
Mondial Relay,43.55245,7.01119
Mondial Relay,48.79071,2.50736
Mondial Relay,48.6102,5.08242
Mondial Relay,47.865,-4.22306
Mondial Relay,45.89375,3.11551
Mondial Relay,43.30993,5.40052
Mondial Relay,48.88243,2.52517
Mondial Relay,47.22067,-1.54835
Mondial Relay,49.22048,6.16287
Mondial Relay,48.82542,3.14043
Mondial Relay,50.28529,2.7923
Mondial Relay,48.92239,2.54396
Mondial Relay,48.55379,7.73925
Mondial Relay,45.62097,5.21985
Mondial Relay,47.9612,-3.83515
Mondial Relay,49.11172,2.21731
Mondial Relay,47.65497,-2.75976
Mondial Relay,48.02293,7.41039
Mondial Relay,49.11304,6.24693
Mondial Relay,48.91729,2.25251
Mondial Relay,44.8347,-0.62754
Mondial Relay,49.2646,4.02709
Mondial Relay,47.61899,-2.73452
Mondial Relay,48.85186,2.3977
Mondial Relay,48.58814,2.47741
Mondial Relay,48.98691,2.36544
Mondial Relay,43.8466,4.36307
Mondial Relay,50.71633,3.14322
Mondial Relay,44.80472,-0.5042
Mondial Relay,45.87053,0.81621
Mondial Relay,47.19802,6.15714
Mondial Relay,49.07689,3.64059
Mondial Relay,44.08415,1.43954
Mondial Relay,43.83321,4.3665
Mondial Relay,47.68932,-2.54228
Mondial Relay,47.31873,5.04346
Mondial Relay,46.74383,5.91007
Mondial Relay,43.4132,1.38834
Mondial Relay,50.68275,3.15951
Mondial Relay,46.14101,-1.13864
Mondial Relay,48.88125,2.33172
Mondial Relay,44.95799,2.41973
Mondial Relay,45.22582,5.68711
Mondial Relay,49.44338,1.09248
Mondial Relay,48.63718,2.44206
Mondial Relay,48.96382,2.3438
Mondial Relay,48.80226,2.42076
Mondial Relay,48.87544,2.35649
Mondial Relay,49.28064,-1.53981
Mondial Relay,46.39845,-1.30285
Mondial Relay,48.71176,2.44984
Mondial Relay,44.55306,-0.87533
Mondial Relay,47.82086,1.39191
Mondial Relay,47.08517,5.48173
Mondial Relay,43.61575,1.44454
Mondial Relay,47.26585,-2.16767
Mondial Relay,45.29113,-0.61007
Mondial Relay,43.1821,2.98763
Mondial Relay,48.72703,2.53675
Mondial Relay,45.26271,1.76187
Mondial Relay,46.04453,4.07084
Mondial Relay,49.5047,0.23616
Mondial Relay,49.04637,2.03315
Mondial Relay,49.59754,3.37603
Mondial Relay,47.97872,3.37722
Mondial Relay,49.22722,-0.36946
Mondial Relay,48.90221,2.31845
Mondial Relay,48.98646,2.34713
Mondial Relay,48.86376,2.36939
Mondial Relay,49.34819,2.90537
Mondial Relay,45.81965,4.17714
Mondial Relay,43.69585,5.49364
Mondial Relay,48.88485,2.36534
Mondial Relay,47.76697,-3.35551
Mondial Relay,50.44565,2.94643
Mondial Relay,48.73711,1.36467
Mondial Relay,43.72019,7.25691
Mondial Relay,43.32524,5.37469
Mondial Relay,50.62229,3.06726
Mondial Relay,49.11341,6.17748
Mondial Relay,47.98535,-4.06078
Mondial Relay,48.87372,2.38403
Mondial Relay,48.84234,2.2988
Mondial Relay,44.65133,4.44281
Mondial Relay,48.97577,2.20371
Mondial Relay,43.7009,7.28573
Mondial Relay,49.07624,6.07521
Mondial Relay,47.31599,-0.80398
Mondial Relay,48.1252,-2.82716
Mondial Relay,48.41004,-1.74886
Mondial Relay,46.11666,3.39997
Mondial Relay,45.64877,-1.02505
Mondial Relay,48.94166,2.2089
Mondial Relay,44.36017,0.37853
Mondial Relay,43.66477,1.43025
Mondial Relay,47.32456,5.04253
Mondial Relay,48.38432,-4.34995
Mondial Relay,43.2833,-0.37031
Mondial Relay,47.83242,5.33484
Mondial Relay,45.93813,2.84076
Mondial Relay,45.03066,3.88324
Mondial Relay,46.88558,5.26127
Mondial Relay,42.65951,9.44142
Mondial Relay,43.51626,4.98722
Mondial Relay,44.39667,0.80441
Mondial Relay,49.05085,2.09647
Mondial Relay,43.92667,2.14471
Mondial Relay,49.21444,4.00273
Mondial Relay,48.80977,2.44676
Mondial Relay,49.03308,2.35399
Mondial Relay,48.84009,2.48122
Mondial Relay,45.25066,0.33924
Mondial Relay,45.33532,5.62076
Mondial Relay,47.47383,-0.58561
Mondial Relay,45.9346,-0.96098
Mondial Relay,43.51306,4.98699
Mondial Relay,45.72472,4.8581
Mondial Relay,46.12114,6.26836
Mondial Relay,48.44255,-0.48403
Mondial Relay,47.45009,-2.31383
Mondial Relay,43.33334,5.39778
Mondial Relay,49.57087,3.89546
Mondial Relay,45.6109,5.88858
Mondial Relay,48.0251,6.58804
Mondial Relay,47.73493,-3.38332
Mondial Relay,43.30818,-1.24526
Mondial Relay,47.86307,5.33382
Mondial Relay,47.05208,-0.88579
Mondial Relay,47.89919,1.90233
Mondial Relay,50.7236,3.15852
Mondial Relay,48.91036,2.37853
Mondial Relay,48.70609,2.0601
Mondial Relay,48.99245,2.2863
Mondial Relay,46.29071,4.31262
Mondial Relay,44.46584,6.17757
Mondial Relay,48.60063,7.69922
Mondial Relay,43.24998,2.91685
Mondial Relay,46.98839,3.16201
Mondial Relay,43.17692,5.92558
Mondial Relay,44.56665,6.08867
Mondial Relay,43.10964,6.04356
Mondial Relay,48.8488,2.46375
Mondial Relay,48.91003,2.47969
Mondial Relay,44.40755,0.73815
Mondial Relay,48.92207,2.1876
Mondial Relay,44.22131,0.55688
Mondial Relay,47.29084,-1.87916
Mondial Relay,48.86197,2.28241
Mondial Relay,49.86081,3.21391
Mondial Relay,47.9474,2.6872
Mondial Relay,46.57637,5.75125
Mondial Relay,49.00573,1.90738
Mondial Relay,44.0281,-0.32711
Mondial Relay,43.44826,5.64014
Mondial Relay,49.03407,3.95657
Mondial Relay,47.65218,-2.91794
Mondial Relay,48.91309,2.29544
Mondial Relay,48.81304,7.78719
Mondial Relay,48.7325,2.26179
Mondial Relay,47.76625,2.37306
Mondial Relay,46.35942,0.05568
Mondial Relay,47.88183,7.24341
Mondial Relay,48.17649,-2.75242
Mondial Relay,46.79715,4.86791
Mondial Relay,45.76724,4.87983
Mondial Relay,49.43562,1.08699
Mondial Relay,49.21149,1.158
Mondial Relay,43.51188,4.98812
Mondial Relay,44.55542,4.75139
Mondial Relay,47.12837,-0.63724
Mondial Relay,47.21382,-1.62173
Mondial Relay,48.60263,-1.77505
Mondial Relay,44.17709,4.76091
Mondial Relay,46.83149,-0.86192
Mondial Relay,43.28978,-0.37921
Mondial Relay,48.74224,-0.57185
Mondial Relay,44.86175,-0.58556
Mondial Relay,48.82847,2.34254
Mondial Relay,43.44988,5.86173
Mondial Relay,46.07147,6.56608
Mondial Relay,48.88612,6.22884
Mondial Relay,43.60811,3.87365
Mondial Relay,45.75632,3.54248
Mondial Relay,43.44113,3.14481
Mondial Relay,48.63579,-1.99048
Mondial Relay,47.32255,5.01636
Mondial Relay,45.44319,4.38471
Mondial Relay,46.60605,0.33943
Mondial Relay,47.88607,6.40338
Mondial Relay,47.58833,7.25379
Mondial Relay,48.88301,2.45973
Mondial Relay,48.98473,4.48849
Mondial Relay,50.73224,3.16031
Mondial Relay,47.29886,-1.49073
Mondial Relay,45.54029,4.86571
Mondial Relay,48.81368,7.79063
Mondial Relay,43.38449,5.70649
Mondial Relay,43.99667,6.19661
Mondial Relay,45.1225,0.85657
Mondial Relay,49.32955,6.06273
Mondial Relay,48.86503,2.2145
Mondial Relay,48.09815,-1.69885
Mondial Relay,47.68993,6.50458
Mondial Relay,48.09035,-1.6677
Mondial Relay,45.58544,5.29076
Mondial Relay,49.54379,1.17838
Mondial Relay,48.79214,2.51757
Mondial Relay,49.18662,6.03556
Mondial Relay,47.68049,-0.87579
Mondial Relay,48.88215,2.5227
Mondial Relay,48.88231,2.34541
Mondial Relay,48.4899,7.67945
Mondial Relay,49.87934,1.22034
Mondial Relay,48.46945,-2.88415
Mondial Relay,42.67993,9.44265
Mondial Relay,47.12438,2.40492
Mondial Relay,49.28408,-0.20274
Mondial Relay,48.91409,2.27338
Mondial Relay,43.63573,7.13614
Mondial Relay,43.67951,7.21305
Mondial Relay,43.42234,6.77804
Mondial Relay,46.17032,1.86764
Mondial Relay,48.74452,5.03161
Mondial Relay,47.97658,-4.00752
Mondial Relay,46.74119,1.8291
Mondial Relay,44.83529,-0.56731
Mondial Relay,47.90645,-3.91728
Mondial Relay,48.82422,2.32816
Mondial Relay,48.85653,-0.87169
Mondial Relay,45.8698,-0.96262
Mondial Relay,48.87289,2.32433
Mondial Relay,47.15551,-1.40056
Mondial Relay,48.88662,2.20006
Mondial Relay,47.4415,0.32232
Mondial Relay,49.08056,0.77721
Mondial Relay,48.43822,1.50919
Mondial Relay,48.84602,2.38257
Mondial Relay,49.20752,6.84372
Mondial Relay,43.28945,5.38728
Mondial Relay,46.5643,3.33276
Mondial Relay,48.43014,0.08822
Mondial Relay,46.16023,-1.15224
Mondial Relay,48.07927,0.41754
Mondial Relay,50.21297,2.55884
Mondial Relay,47.38554,0.69332
Mondial Relay,48.92268,2.44695
Mondial Relay,50.93799,1.88203
Mondial Relay,50.68338,2.87904
Mondial Relay,43.33151,5.04045
Mondial Relay,43.95544,6.89077
Mondial Relay,48.70221,6.17369
Mondial Relay,49.01129,2.20919
Mondial Relay,49.14339,-0.45666
Mondial Relay,43.51056,6.48114
Mondial Relay,43.6404,3.85763
Mondial Relay,45.55294,5.00486
Mondial Relay,47.78439,-3.34446
Mondial Relay,43.41801,5.21405
Mondial Relay,47.37918,0.66934
Mondial Relay,45.69137,5.03136
Mondial Relay,46.72042,-1.89956
Mondial Relay,48.93395,2.45595
Mondial Relay,43.44297,6.71534
Mondial Relay,43.64779,0.59235
Mondial Relay,48.86348,2.38872
Mondial Relay,48.70864,6.25003
Mondial Relay,49.48181,0.87513
Mondial Relay,49.28523,-0.69628
Mondial Relay,48.01016,0.1921
Mondial Relay,47.94465,1.91953
Mondial Relay,50.14746,3.22206
Mondial Relay,43.71156,7.2481
Mondial Relay,47.46502,-0.66901
Mondial Relay,47.48729,-0.57354
Mondial Relay,47.4703,-2.06555
Mondial Relay,48.87399,2.35528
Mondial Relay,47.90461,2.03594
Mondial Relay,47.51895,-1.9578
Mondial Relay,45.24595,4.27438
Mondial Relay,48.92213,6.63538
Mondial Relay,48.73195,3.559
Mondial Relay,45.83704,1.2523
Mondial Relay,46.38252,2.61898
Mondial Relay,48.79087,2.37138
Mondial Relay,48.08031,-3.05126
Mondial Relay,43.77226,1.98476
Mondial Relay,48.90055,2.30405
Mondial Relay,48.82963,7.9656
Mondial Relay,43.7037,7.256
Mondial Relay,48.80819,-3.44171
Mondial Relay,49.21239,6.15988
Mondial Relay,46.18733,-1.01139
Mondial Relay,50.17605,3.20318
Mondial Relay,43.58847,1.35366
Mondial Relay,48.75562,7.77767
Mondial Relay,43.72184,7.11189
Mondial Relay,48.78506,2.39441
Mondial Relay,43.69172,1.23127
Mondial Relay,48.94672,2.43693
Mondial Relay,45.51544,-1.12639
Mondial Relay,49.0817,6.14874
Mondial Relay,47.80874,7.17321
Mondial Relay,45.78407,4.7497
Mondial Relay,42.67928,2.88086
Mondial Relay,48.8812,2.37063
Mondial Relay,44.19604,5.94177
Mondial Relay,48.83695,2.31081
Mondial Relay,50.61715,3.0259
Mondial Relay,46.42251,-1.57451
Mondial Relay,50.51476,2.98078
Mondial Relay,48.51748,3.72578
Mondial Relay,48.9593,2.29094
Mondial Relay,48.8581,2.44171
Mondial Relay,48.59111,7.71771
Mondial Relay,43.096,5.8494
Mondial Relay,48.28601,-0.62018
Mondial Relay,48.83879,2.30775
Mondial Relay,48.79477,2.39691
Mondial Relay,48.78591,2.17981
Mondial Relay,47.99871,3.73024
Mondial Relay,45.7775,4.84007
Mondial Relay,50.70725,1.57517
Mondial Relay,44.80652,-0.57893
Mondial Relay,48.11991,3.18191
Mondial Relay,48.9916,2.276
Mondial Relay,48.7951,2.43433
Mondial Relay,49.35794,6.16429
Mondial Relay,49.24836,4.03013
Mondial Relay,46.80757,1.70243
Mondial Relay,48.96361,0.94144
Mondial Relay,47.8713,2.12937
Mondial Relay,48.85222,2.5096
Mondial Relay,48.75822,2.38646
Mondial Relay,45.54223,3.73687
Mondial Relay,41.9363,8.73937
Mondial Relay,45.9899,4.71726
Mondial Relay,47.71978,-1.48511
Mondial Relay,43.71796,7.25243
Mondial Relay,48.88301,2.37571
Mondial Relay,47.39228,0.68528
Mondial Relay,48.6819,5.89323
Mondial Relay,47.85336,-3.82322
Mondial Relay,48.69019,6.18261
Mondial Relay,49.51396,1.03617
Mondial Relay,43.93415,4.24508
Mondial Relay,48.92907,2.49858
Mondial Relay,41.93117,8.75739
Mondial Relay,43.57638,1.47369
Mondial Relay,47.97322,-1.54139
Mondial Relay,44.82832,-0.57445
Mondial Relay,50.61785,3.13154
Mondial Relay,48.64148,1.52186
Mondial Relay,45.13061,-0.50729
Mondial Relay,50.57193,3.20924
Mondial Relay,48.40629,6.85874
Mondial Relay,48.91867,2.28094
Mondial Relay,43.35298,5.36893
Mondial Relay,46.01936,5.93108
Mondial Relay,48.8314,1.94197
Mondial Relay,46.58253,3.32076
Mondial Relay,48.81475,3.08472
Mondial Relay,43.62289,2.09266
Mondial Relay,48.91079,2.51287
Mondial Relay,44.07555,1.6195
Mondial Relay,48.2203,-1.78605
Mondial Relay,50.63217,3.08807
Mondial Relay,48.85919,2.37583
Mondial Relay,42.67648,9.44452
Mondial Relay,47.84026,-0.33391
Mondial Relay,49.7066,0.96456
Mondial Relay,48.88461,2.32666
Mondial Relay,46.20614,-1.09317
Mondial Relay,49.42078,1.10547
Mondial Relay,49.11757,6.64476
Mondial Relay,43.66472,7.15455
Mondial Relay,44.89966,5.01951
Mondial Relay,48.65753,2.56323
Mondial Relay,48.23331,3.626
Mondial Relay,45.15752,1.53455
Mondial Relay,48.85989,2.37764
Mondial Relay,50.42952,3.17691
Mondial Relay,43.03038,2.97281
Mondial Relay,49.05802,2.09625
Mondial Relay,47.18093,0.26118
Mondial Relay,47.58613,0.77712
Mondial Relay,48.93689,2.33039
Mondial Relay,47.39317,0.70102
Mondial Relay,43.53318,6.45114
Mondial Relay,48.97551,2.31694
Mondial Relay,48.70258,2.32151
Mondial Relay,48.83887,2.39081
Mondial Relay,43.09246,5.83928
Mondial Relay,48.9159,2.40011
Mondial Relay,48.86469,2.36802
Mondial Relay,48.73965,0.929
Mondial Relay,49.05336,4.0055
Mondial Relay,45.77514,3.19587
Mondial Relay,47.07578,-1.39875
Mondial Relay,47.21144,-1.56189
Mondial Relay,47.5843,-0.34702
Mondial Relay,45.22278,5.8127
Mondial Relay,46.5352,3.34788
Mondial Relay,47.46368,7.40734
Mondial Relay,49.66833,0.89708
Mondial Relay,50.69073,2.64627
Mondial Relay,45.92594,6.12352
Mondial Relay,47.49392,-0.57596
Mondial Relay,49.14219,1.96721
Mondial Relay,48.38929,-4.48727
Mondial Relay,48.68767,5.32333
Mondial Relay,48.83433,2.55428
Mondial Relay,47.34061,4.99568
Mondial Relay,48.87975,2.6268
Mondial Relay,47.22632,-1.63125
Mondial Relay,48.40624,-4.38989
Mondial Relay,50.4199,2.87536
Mondial Relay,44.06419,4.72295
Mondial Relay,48.87912,2.35685
Mondial Relay,48.93097,2.25886
Mondial Relay,42.70299,3.02046
Mondial Relay,49.29712,0.87382
Mondial Relay,43.38664,6.72296
Mondial Relay,47.22546,1.93785
Mondial Relay,43.98926,4.10668
Mondial Relay,49.38047,0.57081
Mondial Relay,45.29233,4.81347
Mondial Relay,48.94506,2.68546
Mondial Relay,43.83826,4.34486
Mondial Relay,44.57085,4.39323
Mondial Relay,48.59022,7.74858
Mondial Relay,47.43544,-2.09022
Mondial Relay,48.87355,2.38636
Mondial Relay,43.44225,6.63718
Mondial Relay,46.58131,4.23539
Mondial Relay,50.29056,2.77262
Mondial Relay,47.38552,-0.86072
Mondial Relay,47.50941,0.19109
Mondial Relay,49.11057,7.06933
Mondial Relay,48.79071,2.51219
Mondial Relay,49.02514,3.94431
Mondial Relay,47.42632,0.66249
Mondial Relay,48.58695,6.59945
Mondial Relay,46.74607,-0.31236
Mondial Relay,47.86485,1.9012
Mondial Relay,49.05325,2.45252
Mondial Relay,43.72367,7.29074
Mondial Relay,43.63271,3.91655
Mondial Relay,43.30673,5.36418
Mondial Relay,48.99167,2.24754
Mondial Relay,45.66943,4.91021
Mondial Relay,47.50787,7.00581
Mondial Relay,45.59037,4.07282
Mondial Relay,48.87905,2.37088
Mondial Relay,47.25182,-0.08234
Mondial Relay,48.64094,-2.01775
Mondial Relay,50.62174,3.07358
Mondial Relay,49.3776,-1.78597
Mondial Relay,48.96163,2.06971
Mondial Relay,46.34062,-0.43791
Mondial Relay,43.81998,4.48873
Mondial Relay,49.06372,2.18638
Mondial Relay,43.69247,-0.2726
Mondial Relay,49.22298,4.05165
Mondial Relay,48.65031,3.40725
Mondial Relay,47.65881,-2.76337
Mondial Relay,46.6495,-0.22454
Mondial Relay,50.4782,3.05656
Mondial Relay,47.71986,-1.02734
Mondial Relay,43.78735,-0.70641
Mondial Relay,43.0995,5.82652
Mondial Relay,49.199,-0.36702
Mondial Relay,44.82638,-0.56413
Mondial Relay,47.75464,-1.88425
Mondial Relay,45.15331,5.32085
Mondial Relay,47.58733,7.56287
Mondial Relay,44.42809,-0.48975
Mondial Relay,48.91033,2.51223
Mondial Relay,47.25378,-1.38458
Mondial Relay,47.08107,-2.03853
Mondial Relay,47.97525,2.77157
Mondial Relay,48.6169,6.18204
Mondial Relay,43.57809,4.1983
Mondial Relay,43.87894,4.9028
Mondial Relay,48.49813,1.96149
Mondial Relay,50.60839,3.01401
Mondial Relay,44.61201,2.03601
Mondial Relay,48.80636,2.38537
Mondial Relay,43.25435,2.26494
Mondial Relay,48.8493,2.28803
Mondial Relay,43.60383,1.44864
Mondial Relay,48.14653,0.17024
Mondial Relay,48.48594,7.71515
Mondial Relay,48.89491,2.07119
Mondial Relay,49.10361,6.16219
Mondial Relay,48.53107,2.5383
Mondial Relay,48.41799,-4.46661
Mondial Relay,48.75241,2.47352
Mondial Relay,48.19365,3.99904
Mondial Relay,43.43304,6.85777
Mondial Relay,48.83483,2.31969
Mondial Relay,45.76199,3.12699
Mondial Relay,47.12444,-1.42281
Mondial Relay,43.50511,4.98678
Mondial Relay,48.81212,4.60387
Mondial Relay,50.33449,3.30128
Mondial Relay,48.48159,-2.67619
Mondial Relay,48.88068,2.35135
Mondial Relay,48.83906,2.55181
Mondial Relay,48.69673,2.43428
Mondial Relay,48.86491,2.33666
Mondial Relay,43.35154,1.47786
Mondial Relay,43.65822,-1.18711
Mondial Relay,45.00934,4.39779
Mondial Relay,49.15257,-0.36234
Mondial Relay,44.50049,0.16051
Mondial Relay,48.9654,2.20946
Mondial Relay,47.58702,7.56657
Mondial Relay,50.32683,3.39186
Mondial Relay,48.10744,7.36273
Mondial Relay,44.83419,-0.56774
Mondial Relay,48.92144,1.58403
Mondial Relay,48.83987,2.40316
Mondial Relay,48.77335,1.30238
Mondial Relay,43.3499,5.60413
Mondial Relay,44.52578,1.46201
Mondial Relay,47.25824,-1.57946
Mondial Relay,45.15262,5.83838
Mondial Relay,43.32702,-1.03237
Mondial Relay,47.05872,6.67025
Mondial Relay,45.0681,4.84512
Mondial Relay,49.03671,3.97054
Mondial Relay,48.62254,-1.98731
Mondial Relay,48.72838,7.37472
Mondial Relay,43.51286,1.17535
Mondial Relay,48.96852,2.3159
Mondial Relay,43.08829,5.82694
Mondial Relay,43.58407,3.93326
Mondial Relay,46.22763,2.21374
Mondial Relay,48.41797,2.72948
Mondial Relay,49.56899,3.64914
